timestamp,message,logStreamName
1763486386192,> backend@1.0.0 start,backend/backend/785ac59456b94942afa59e520a94c070
1763486386192,> nodemon app.js,backend/backend/785ac59456b94942afa59e520a94c070
1763486386485,[33m[nodemon] 2.0.22[39m,backend/backend/785ac59456b94942afa59e520a94c070
1763486386495,"[33m[nodemon] to restart at any time, enter `rs`[39m",backend/backend/785ac59456b94942afa59e520a94c070
1763486386496,[33m[nodemon] watching path(s): *.*[39m,backend/backend/785ac59456b94942afa59e520a94c070
1763486386496,"[33m[nodemon] watching extensions: js,mjs,json[39m",backend/backend/785ac59456b94942afa59e520a94c070
1763486386497,[32m[nodemon] starting `node app.js`[39m,backend/backend/785ac59456b94942afa59e520a94c070
1763486387526,"{""t"":{""$date"":""2025-11-18T17:19:47.526+00:00""},""s"":""I"",  ""c"":""-"",        ""id"":8991200, ""ctx"":""main"",""msg"":""Shuffling initializers"",""attr"":{""seed"":1282661661}}",mongodb/mongodb/785ac59456b94942afa59e520a94c070
1763486387581,"about to fork child process, waiting until server is ready for connections.",mongodb/mongodb/785ac59456b94942afa59e520a94c070
1763486387585,forked process: 28,mongodb/mongodb/785ac59456b94942afa59e520a94c070
1763486387586,"{""t"":{""$date"":""2025-11-18T17:19:47.586+00:00""},""s"":""I"",  ""c"":""CONTROL"",  ""id"":20698,   ""ctx"":""main"",""msg"":""***** SERVER RESTARTED *****""}",mongodb/mongodb/785ac59456b94942afa59e520a94c070
1763486387613,"{""t"":{""$date"":""2025-11-18T17:19:47.613+00:00""},""s"":""I"",  ""c"":""CONTROL"",  ""id"":97374,   ""ctx"":""main"",""msg"":""Automatically disabling TLS 1.0 and TLS 1.1, to force-enable TLS 1.1 specify --sslDisabledProtocols 'TLS1_0'; to force-enable TLS 1.0 specify --sslDisabledProtocols 'none'""}",mongodb/mongodb/785ac59456b94942afa59e520a94c070
1763486387665,"{""t"":{""$date"":""2025-11-18T17:19:47.662+00:00""},""s"":""I"",  ""c"":""NETWORK"",  ""id"":4915701, ""ctx"":""main"",""msg"":""Initialized wire specification"",""attr"":{""spec"":{""incomingExternalClient"":{""minWireVersion"":0,""maxWireVersion"":27},""incomingInternalClient"":{""minWireVersion"":0,""maxWireVersion"":27},""outgoing"":{""minWireVersion"":6,""maxWireVersion"":27},""isInternalClient"":true}}}",mongodb/mongodb/785ac59456b94942afa59e520a94c070
1763486387673,"{""t"":{""$date"":""2025-11-18T17:19:47.673+00:00""},""s"":""I"",  ""c"":""CONTROL"",  ""id"":5945603, ""ctx"":""main"",""msg"":""Multi threading initialized""}",mongodb/mongodb/785ac59456b94942afa59e520a94c070
1763486387678,"{""t"":{""$date"":""2025-11-18T17:19:47.678+00:00""},""s"":""I"",  ""c"":""CONTROL"",  ""id"":4615611, ""ctx"":""initandlisten"",""msg"":""MongoDB starting"",""attr"":{""pid"":28,""port"":27017,""dbPath"":""/data/db"",""architecture"":""64-bit"",""host"":""ip-172-31-31-157.eu-central-1.compute.internal""}}",mongodb/mongodb/785ac59456b94942afa59e520a94c070
1763486387679,"{""t"":{""$date"":""2025-11-18T17:19:47.679+00:00""},""s"":""I"",  ""c"":""CONTROL"",  ""id"":23403,   ""ctx"":""initandlisten"",""msg"":""Build Info"",""attr"":{""buildInfo"":{""version"":""8.2.1"",""gitVersion"":""3312bdcf28aa65f5930005e21c2cb130f648b8c3"",""openSSLVersion"":""OpenSSL 3.0.13 30 Jan 2024"",""modules"":[],""allocator"":""tcmalloc-google"",""environment"":{""distmod"":""ubuntu2404"",""distarch"":""x86_64"",""target_arch"":""x86_64""}}}}",mongodb/mongodb/785ac59456b94942afa59e520a94c070
1763486387679,"{""t"":{""$date"":""2025-11-18T17:19:47.679+00:00""},""s"":""I"",  ""c"":""CONTROL"",  ""id"":51765,   ""ctx"":""initandlisten"",""msg"":""Operating System"",""attr"":{""os"":{""name"":""Ubuntu"",""version"":""24.04""}}}",mongodb/mongodb/785ac59456b94942afa59e520a94c070
1763486387679,"{""t"":{""$date"":""2025-11-18T17:19:47.679+00:00""},""s"":""I"",  ""c"":""CONTROL"",  ""id"":21951,   ""ctx"":""initandlisten"",""msg"":""Options set by command line"",""attr"":{""options"":{""net"":{""bindIp"":""127.0.0.1"",""port"":27017,""tls"":{""mode"":""disabled""}},""processManagement"":{""fork"":true,""pidFilePath"":""/tmp/docker-entrypoint-temp-mongod.pid""},""systemLog"":{""destination"":""file"",""logAppend"":true,""path"":""/proc/1/fd/1""}}}}",mongodb/mongodb/785ac59456b94942afa59e520a94c070
1763486387706,"{""t"":{""$date"":""2025-11-18T17:19:47.705+00:00""},""s"":""I"",  ""c"":""NETWORK"",  ""id"":4648601, ""ctx"":""initandlisten"",""msg"":""Implicit TCP FastOpen unavailable. If TCP FastOpen is required, set at least one of the related parameters"",""attr"":{""relatedParameters"":[""tcpFastOpenServer"",""tcpFastOpenClient"",""tcpFastOpenQueueSize""]}}",mongodb/mongodb/785ac59456b94942afa59e520a94c070
1763486387711,"{""t"":{""$date"":""2025-11-18T17:19:47.711+00:00""},""s"":""I"",  ""c"":""STORAGE"",  ""id"":22297,   ""ctx"":""initandlisten"",""msg"":""Using the XFS filesystem is strongly recommended with the WiredTiger storage engine. See http://dochub.mongodb.org/core/prodnotes-filesystem"",""tags"":[""startupWarnings""]}",mongodb/mongodb/785ac59456b94942afa59e520a94c070
1763486387711,"{""t"":{""$date"":""2025-11-18T17:19:47.711+00:00""},""s"":""I"",  ""c"":""STORAGE"",  ""id"":22315,   ""ctx"":""initandlisten"",""msg"":""Opening WiredTiger"",""attr"":{""config"":""create,cache_size=450M,session_max=33000,eviction=(threads_min=4,threads_max=4),config_base=false,statistics=(fast),log=(enabled=true,remove=true,path=journal,compressor=snappy),builtin_extension_config=(zstd=(compression_level=6)),file_manager=(close_idle_time=600,close_scan_interval=10,close_handle_minimum=2000),statistics_log=(wait=0),json_output=(error,message),verbose=[recovery_progress:1,checkpoint_progress:1,compact_progress:1,live_restore_progress:1,backup:0,checkpoint:0,compact:0,eviction:0,fileops:0,history_store:0,live_restore:0,recovery:0,rts:0,salvage:0,tiered:0,timestamp:0,transaction:0,verify:0,log:0],prefetch=(available=true,default=false),""}}",mongodb/mongodb/785ac59456b94942afa59e520a94c070
1763486387737,"{""t"":{""$date"":""2025-11-18T17:19:47.736+00:00""},""s"":""I"",  ""c"":""WTRECOV"",  ""id"":22430,   ""ctx"":""initandlisten"",""msg"":""WiredTiger message"",""attr"":{""message"":{""ts_sec"":1763486387,""ts_usec"":736197,""thread"":""28:0x7f03d053a400"",""session_name"":""wiredtiger_open"",""category"":""WT_VERB_RECOVERY"",""log_id"":1000000,""category_id"":32,""verbose_level"":""INFO"",""verbose_level_id"":0,""msg"":""opening the WiredTiger library""}}}",mongodb/mongodb/785ac59456b94942afa59e520a94c070
1763486387964,"{""t"":{""$date"":""2025-11-18T17:19:47.964+00:00""},""s"":""I"",  ""c"":""WTRECOV"",  ""id"":22430,   ""ctx"":""initandlisten"",""msg"":""WiredTiger message"",""attr"":{""message"":{""ts_sec"":1763486387,""ts_usec"":964134,""thread"":""28:0x7f03d053a400"",""session_name"":""connection"",""category"":""WT_VERB_RECOVERY"",""log_id"":1000000,""category_id"":32,""verbose_level"":""INFO"",""verbose_level_id"":0,""msg"":""connection configuration string parsing completed""}}}",mongodb/mongodb/785ac59456b94942afa59e520a94c070
1763486387988,lirone,backend/backend/785ac59456b94942afa59e520a94c070
1763486387989,"{""t"":{""$date"":""2025-11-18T17:19:47.989+00:00""},""s"":""I"",  ""c"":""WTRECOV"",  ""id"":22430,   ""ctx"":""initandlisten"",""msg"":""WiredTiger message"",""attr"":{""message"":{""ts_sec"":1763486387,""ts_usec"":989053,""thread"":""28:0x7f03d053a400"",""session_name"":""connection"",""category"":""WT_VERB_RECOVERY"",""log_id"":1000000,""category_id"":32,""verbose_level"":""INFO"",""verbose_level_id"":0,""msg"":""starting WiredTiger utility threads""}}}",mongodb/mongodb/785ac59456b94942afa59e520a94c070
1763486387989,secret,backend/backend/785ac59456b94942afa59e520a94c070
1763486387989,localhost,backend/backend/785ac59456b94942afa59e520a94c070
1763486387989,mongodb://lirone:secret@localhost:27017/course-goals?authSource=admin,backend/backend/785ac59456b94942afa59e520a94c070
1763486387998,"{""t"":{""$date"":""2025-11-18T17:19:47.998+00:00""},""s"":""I"",  ""c"":""WTRECOV"",  ""id"":22430,   ""ctx"":""initandlisten"",""msg"":""WiredTiger message"",""attr"":{""message"":{""ts_sec"":1763486387,""ts_usec"":998647,""thread"":""28:0x7f03d053a400"",""session_name"":""connection"",""category"":""WT_VERB_RECOVERY"",""log_id"":1000000,""category_id"":32,""verbose_level"":""INFO"",""verbose_level_id"":0,""msg"":""starting WiredTiger recovery""}}}",mongodb/mongodb/785ac59456b94942afa59e520a94c070
1763486388000,"{""t"":{""$date"":""2025-11-18T17:19:48.000+00:00""},""s"":""I"",  ""c"":""WTRECOV"",  ""id"":22430,   ""ctx"":""initandlisten"",""msg"":""WiredTiger message"",""attr"":{""message"":{""ts_sec"":1763486388,""ts_usec"":183,""thread"":""28:0x7f03d053a400"",""session_name"":""txn-recover"",""category"":""WT_VERB_RECOVERY"",""log_id"":1000000,""category_id"":32,""verbose_level"":""INFO"",""verbose_level_id"":0,""msg"":""scanning metadata to find the largest file ID""}}}",mongodb/mongodb/785ac59456b94942afa59e520a94c070
1763486388000,"{""t"":{""$date"":""2025-11-18T17:19:48.000+00:00""},""s"":""I"",  ""c"":""WTRECOV"",  ""id"":22430,   ""ctx"":""initandlisten"",""msg"":""WiredTiger message"",""attr"":{""message"":{""ts_sec"":1763486388,""ts_usec"":488,""thread"":""28:0x7f03d053a400"",""session_name"":""txn-recover"",""category"":""WT_VERB_RECOVERY"",""log_id"":1000000,""category_id"":32,""verbose_level"":""INFO"",""verbose_level_id"":0,""msg"":""largest file ID found in the metadata 0""}}}",mongodb/mongodb/785ac59456b94942afa59e520a94c070
1763486388000,"{""t"":{""$date"":""2025-11-18T17:19:48.000+00:00""},""s"":""I"",  ""c"":""WTRECOV"",  ""id"":22430,   ""ctx"":""initandlisten"",""msg"":""WiredTiger message"",""attr"":{""message"":{""ts_sec"":1763486388,""ts_usec"":621,""thread"":""28:0x7f03d053a400"",""session_name"":""txn-recover"",""category"":""WT_VERB_RECOVERY"",""log_id"":1000000,""category_id"":32,""verbose_level"":""INFO"",""verbose_level_id"":0,""msg"":""recovery log replay has successfully finished and ran for 1 milliseconds""}}}",mongodb/mongodb/785ac59456b94942afa59e520a94c070
1763486388000,"{""t"":{""$date"":""2025-11-18T17:19:48.000+00:00""},""s"":""I"",  ""c"":""WTRECOV"",  ""id"":22430,   ""ctx"":""initandlisten"",""msg"":""WiredTiger message"",""attr"":{""message"":{""ts_sec"":1763486388,""ts_usec"":778,""thread"":""28:0x7f03d053a400"",""session_name"":""txn-recover"",""category"":""WT_VERB_RECOVERY_PROGRESS"",""log_id"":1000000,""category_id"":33,""verbose_level"":""DEBUG_1"",""verbose_level_id"":1,""msg"":""Set global recovery timestamp: (0, 0)""}}}",mongodb/mongodb/785ac59456b94942afa59e520a94c070
1763486388001,"{""t"":{""$date"":""2025-11-18T17:19:48.000+00:00""},""s"":""I"",  ""c"":""WTRECOV"",  ""id"":22430,   ""ctx"":""initandlisten"",""msg"":""WiredTiger message"",""attr"":{""message"":{""ts_sec"":1763486388,""ts_usec"":915,""thread"":""28:0x7f03d053a400"",""session_name"":""txn-recover"",""category"":""WT_VERB_RECOVERY_PROGRESS"",""log_id"":1000000,""category_id"":33,""verbose_level"":""DEBUG_1"",""verbose_level_id"":1,""msg"":""Set global oldest timestamp: (0, 0)""}}}",mongodb/mongodb/785ac59456b94942afa59e520a94c070
1763486388001,"{""t"":{""$date"":""2025-11-18T17:19:48.001+00:00""},""s"":""I"",  ""c"":""WTRECOV"",  ""id"":22430,   ""ctx"":""initandlisten"",""msg"":""WiredTiger message"",""attr"":{""message"":{""ts_sec"":1763486388,""ts_usec"":1086,""thread"":""28:0x7f03d053a400"",""session_name"":""txn-recover"",""category"":""WT_VERB_RECOVERY"",""log_id"":1493201,""category_id"":32,""verbose_level"":""INFO"",""verbose_level_id"":0,""msg"":""recovery was completed successfully and took 2ms, including 1ms for the log replay, 0ms for the rollback to stable, and 0ms for the checkpoint.""}}}",mongodb/mongodb/785ac59456b94942afa59e520a94c070
1763486388001,"{""t"":{""$date"":""2025-11-18T17:19:48.001+00:00""},""s"":""I"",  ""c"":""WTRECOV"",  ""id"":22430,   ""ctx"":""initandlisten"",""msg"":""WiredTiger message"",""attr"":{""message"":{""ts_sec"":1763486388,""ts_usec"":1240,""thread"":""28:0x7f03d053a400"",""session_name"":""txn-recover"",""category"":""WT_VERB_RECOVERY_PROGRESS"",""log_id"":1493201,""category_id"":33,""verbose_level"":""INFO"",""verbose_level_id"":0,""msg"":""recovery was completed successfully and took 2ms, including 1ms for the log replay, 0ms for the rollback to stable, and 0ms for the checkpoint.""}}}",mongodb/mongodb/785ac59456b94942afa59e520a94c070
1763486388018,"{""t"":{""$date"":""2025-11-18T17:19:48.018+00:00""},""s"":""I"",  ""c"":""WTEVICT"",  ""id"":22430,   ""ctx"":""initandlisten"",""msg"":""WiredTiger message"",""attr"":{""message"":{""ts_sec"":1763486388,""ts_usec"":18181,""thread"":""28:0x7f03d053a400"",""session_name"":""connection"",""category"":""WT_VERB_EVICTION"",""log_id"":1000000,""category_id"":15,""verbose_level"":""INFO"",""verbose_level_id"":0,""msg"":""starting eviction threads""}}}",mongodb/mongodb/785ac59456b94942afa59e520a94c070
1763486388071,"{""t"":{""$date"":""2025-11-18T17:19:48.071+00:00""},""s"":""I"",  ""c"":""WTRECOV"",  ""id"":22430,   ""ctx"":""initandlisten"",""msg"":""WiredTiger message"",""attr"":{""message"":{""ts_sec"":1763486388,""ts_usec"":71158,""thread"":""28:0x7f03d053a400"",""session_name"":""connection"",""category"":""WT_VERB_RECOVERY"",""log_id"":1000000,""category_id"":32,""verbose_level"":""INFO"",""verbose_level_id"":0,""msg"":""WiredTiger utility threads started successfully""}}}",mongodb/mongodb/785ac59456b94942afa59e520a94c070
1763486388071,"{""t"":{""$date"":""2025-11-18T17:19:48.071+00:00""},""s"":""I"",  ""c"":""WTRECOV"",  ""id"":22430,   ""ctx"":""initandlisten"",""msg"":""WiredTiger message"",""attr"":{""message"":{""ts_sec"":1763486388,""ts_usec"":71249,""thread"":""28:0x7f03d053a400"",""session_name"":""connection"",""category"":""WT_VERB_RECOVERY"",""log_id"":1000000,""category_id"":32,""verbose_level"":""INFO"",""verbose_level_id"":0,""msg"":""the WiredTiger library has successfully opened""}}}",mongodb/mongodb/785ac59456b94942afa59e520a94c070
1763486388071,"{""t"":{""$date"":""2025-11-18T17:19:48.071+00:00""},""s"":""I"",  ""c"":""STORAGE"",  ""id"":4795906, ""ctx"":""initandlisten"",""msg"":""WiredTiger opened"",""attr"":{""durationMillis"":360}}",mongodb/mongodb/785ac59456b94942afa59e520a94c070
1763486388071,"{""t"":{""$date"":""2025-11-18T17:19:48.071+00:00""},""s"":""I"",  ""c"":""RECOVERY"", ""id"":23987,   ""ctx"":""initandlisten"",""msg"":""WiredTiger recoveryTimestamp"",""attr"":{""recoveryTimestamp"":{""$timestamp"":{""t"":0,""i"":0}}}}",mongodb/mongodb/785ac59456b94942afa59e520a94c070
1763486388071,"{""t"":{""$date"":""2025-11-18T17:19:48.071+00:00""},""s"":""I"",  ""c"":""STORAGE"",  ""id"":9086700, ""ctx"":""initandlisten"",""msg"":""WiredTiger session cache max value has been set"",""attr"":{""sessionCacheMax"":16500}}",mongodb/mongodb/785ac59456b94942afa59e520a94c070
1763486388085,"{""t"":{""$date"":""2025-11-18T17:19:48.085+00:00""},""s"":""I"",  ""c"":""STORAGE"",  ""id"":10158000,""ctx"":""initandlisten"",""msg"":""Opening spill WiredTiger"",""attr"":{""config"":""create,cache_size=100M,session_max=1024,eviction=(threads_min=1,threads_max=1),eviction_dirty_target=5MB,eviction_dirty_trigger=80MB,eviction_updates_trigger=80MB,config_base=false,statistics=(fast),log=(enabled=false),builtin_extension_config=(zstd=(compression_level=-7)),file_manager=(close_idle_time=600,close_scan_interval=10,close_handle_minimum=2000),statistics_log=(wait=0),json_output=(error,message),verbose=[recovery_progress:1,checkpoint_progress:1,compact_progress:1,live_restore_progress:1,backup:0,checkpoint:0,compact:0,eviction:0,fileops:0,history_store:0,live_restore:0,recovery:0,rts:0,salvage:0,tiered:0,timestamp:0,transaction:0,verify:0,log:0],""}}",mongodb/mongodb/785ac59456b94942afa59e520a94c070
1763486388089,"{""t"":{""$date"":""2025-11-18T17:19:48.089+00:00""},""s"":""I"",  ""c"":""WTRECOV"",  ""id"":22430,   ""ctx"":""initandlisten"",""msg"":""WiredTiger message"",""attr"":{""message"":{""ts_sec"":1763486388,""ts_usec"":89770,""thread"":""28:0x7f03d053a400"",""session_name"":""wiredtiger_open"",""category"":""WT_VERB_RECOVERY"",""log_id"":1000000,""category_id"":32,""verbose_level"":""INFO"",""verbose_level_id"":0,""msg"":""opening the WiredTiger library""}}}",mongodb/mongodb/785ac59456b94942afa59e520a94c070
1763486388094,"{""t"":{""$date"":""2025-11-18T17:19:48.094+00:00""},""s"":""I"",  ""c"":""WTRECOV"",  ""id"":22430,   ""ctx"":""initandlisten"",""msg"":""WiredTiger message"",""attr"":{""message"":{""ts_sec"":1763486388,""ts_usec"":94199,""thread"":""28:0x7f03d053a400"",""session_name"":""connection"",""category"":""WT_VERB_RECOVERY"",""log_id"":1000000,""category_id"":32,""verbose_level"":""INFO"",""verbose_level_id"":0,""msg"":""connection configuration string parsing completed""}}}",mongodb/mongodb/785ac59456b94942afa59e520a94c070
1763486388164,"{""t"":{""$date"":""2025-11-18T17:19:48.164+00:00""},""s"":""I"",  ""c"":""WTRECOV"",  ""id"":22430,   ""ctx"":""initandlisten"",""msg"":""WiredTiger message"",""attr"":{""message"":{""ts_sec"":1763486388,""ts_usec"":162867,""thread"":""28:0x7f03d053a400"",""session_name"":""connection"",""category"":""WT_VERB_RECOVERY"",""log_id"":1000000,""category_id"":32,""verbose_level"":""INFO"",""verbose_level_id"":0,""msg"":""starting WiredTiger utility threads""}}}",mongodb/mongodb/785ac59456b94942afa59e520a94c070
1763486388167,"{""t"":{""$date"":""2025-11-18T17:19:48.167+00:00""},""s"":""I"",  ""c"":""WTRECOV"",  ""id"":22430,   ""ctx"":""initandlisten"",""msg"":""WiredTiger message"",""attr"":{""message"":{""ts_sec"":1763486388,""ts_usec"":167070,""thread"":""28:0x7f03d053a400"",""session_name"":""connection"",""category"":""WT_VERB_RECOVERY"",""log_id"":1000000,""category_id"":32,""verbose_level"":""INFO"",""verbose_level_id"":0,""msg"":""starting WiredTiger recovery""}}}",mongodb/mongodb/785ac59456b94942afa59e520a94c070
1763486388167,"{""t"":{""$date"":""2025-11-18T17:19:48.167+00:00""},""s"":""I"",  ""c"":""WTRECOV"",  ""id"":22430,   ""ctx"":""initandlisten"",""msg"":""WiredTiger message"",""attr"":{""message"":{""ts_sec"":1763486388,""ts_usec"":167502,""thread"":""28:0x7f03d053a400"",""session_name"":""txn-recover"",""category"":""WT_VERB_RECOVERY"",""log_id"":1000000,""category_id"":32,""verbose_level"":""INFO"",""verbose_level_id"":0,""msg"":""scanning metadata to find the largest file ID""}}}",mongodb/mongodb/785ac59456b94942afa59e520a94c070
1763486388167,"{""t"":{""$date"":""2025-11-18T17:19:48.167+00:00""},""s"":""I"",  ""c"":""WTRECOV"",  ""id"":22430,   ""ctx"":""initandlisten"",""msg"":""WiredTiger message"",""attr"":{""message"":{""ts_sec"":1763486388,""ts_usec"":167698,""thread"":""28:0x7f03d053a400"",""session_name"":""txn-recover"",""category"":""WT_VERB_RECOVERY"",""log_id"":1000000,""category_id"":32,""verbose_level"":""INFO"",""verbose_level_id"":0,""msg"":""largest file ID found in the metadata 0""}}}",mongodb/mongodb/785ac59456b94942afa59e520a94c070
1763486388167,"{""t"":{""$date"":""2025-11-18T17:19:48.167+00:00""},""s"":""I"",  ""c"":""WTRECOV"",  ""id"":22430,   ""ctx"":""initandlisten"",""msg"":""WiredTiger message"",""attr"":{""message"":{""ts_sec"":1763486388,""ts_usec"":167832,""thread"":""28:0x7f03d053a400"",""session_name"":""txn-recover"",""category"":""WT_VERB_RECOVERY"",""log_id"":1000000,""category_id"":32,""verbose_level"":""INFO"",""verbose_level_id"":0,""msg"":""recovery log replay has successfully finished and ran for 0 milliseconds""}}}",mongodb/mongodb/785ac59456b94942afa59e520a94c070
1763486388168,"{""t"":{""$date"":""2025-11-18T17:19:48.168+00:00""},""s"":""I"",  ""c"":""WTRECOV"",  ""id"":22430,   ""ctx"":""initandlisten"",""msg"":""WiredTiger message"",""attr"":{""message"":{""ts_sec"":1763486388,""ts_usec"":168006,""thread"":""28:0x7f03d053a400"",""session_name"":""txn-recover"",""category"":""WT_VERB_RECOVERY_PROGRESS"",""log_id"":1000000,""category_id"":33,""verbose_level"":""DEBUG_1"",""verbose_level_id"":1,""msg"":""Set global recovery timestamp: (0, 0)""}}}",mongodb/mongodb/785ac59456b94942afa59e520a94c070
1763486388168,"{""t"":{""$date"":""2025-11-18T17:19:48.168+00:00""},""s"":""I"",  ""c"":""WTRECOV"",  ""id"":22430,   ""ctx"":""initandlisten"",""msg"":""WiredTiger message"",""attr"":{""message"":{""ts_sec"":1763486388,""ts_usec"":168120,""thread"":""28:0x7f03d053a400"",""session_name"":""txn-recover"",""category"":""WT_VERB_RECOVERY_PROGRESS"",""log_id"":1000000,""category_id"":33,""verbose_level"":""DEBUG_1"",""verbose_level_id"":1,""msg"":""Set global oldest timestamp: (0, 0)""}}}",mongodb/mongodb/785ac59456b94942afa59e520a94c070
1763486388168,"{""t"":{""$date"":""2025-11-18T17:19:48.168+00:00""},""s"":""I"",  ""c"":""WTRECOV"",  ""id"":22430,   ""ctx"":""initandlisten"",""msg"":""WiredTiger message"",""attr"":{""message"":{""ts_sec"":1763486388,""ts_usec"":168251,""thread"":""28:0x7f03d053a400"",""session_name"":""txn-recover"",""category"":""WT_VERB_RECOVERY"",""log_id"":1493201,""category_id"":32,""verbose_level"":""INFO"",""verbose_level_id"":0,""msg"":""recovery was completed successfully and took 0ms, including 0ms for the log replay, 0ms for the rollback to stable, and 0ms for the checkpoint.""}}}",mongodb/mongodb/785ac59456b94942afa59e520a94c070
1763486388168,"{""t"":{""$date"":""2025-11-18T17:19:48.168+00:00""},""s"":""I"",  ""c"":""WTRECOV"",  ""id"":22430,   ""ctx"":""initandlisten"",""msg"":""WiredTiger message"",""attr"":{""message"":{""ts_sec"":1763486388,""ts_usec"":168473,""thread"":""28:0x7f03d053a400"",""session_name"":""txn-recover"",""category"":""WT_VERB_RECOVERY_PROGRESS"",""log_id"":1493201,""category_id"":33,""verbose_level"":""INFO"",""verbose_level_id"":0,""msg"":""recovery was completed successfully and took 0ms, including 0ms for the log replay, 0ms for the rollback to stable, and 0ms for the checkpoint.""}}}",mongodb/mongodb/785ac59456b94942afa59e520a94c070
1763486388215,"{""t"":{""$date"":""2025-11-18T17:19:48.215+00:00""},""s"":""I"",  ""c"":""WTEVICT"",  ""id"":22430,   ""ctx"":""initandlisten"",""msg"":""WiredTiger message"",""attr"":{""message"":{""ts_sec"":1763486388,""ts_usec"":215601,""thread"":""28:0x7f03d053a400"",""session_name"":""connection"",""category"":""WT_VERB_EVICTION"",""log_id"":1000000,""category_id"":15,""verbose_level"":""INFO"",""verbose_level_id"":0,""msg"":""starting eviction threads""}}}",mongodb/mongodb/785ac59456b94942afa59e520a94c070
1763486388216,"{""t"":{""$date"":""2025-11-18T17:19:48.216+00:00""},""s"":""I"",  ""c"":""WTRECOV"",  ""id"":22430,   ""ctx"":""initandlisten"",""msg"":""WiredTiger message"",""attr"":{""message"":{""ts_sec"":1763486388,""ts_usec"":216657,""thread"":""28:0x7f03d053a400"",""session_name"":""connection"",""category"":""WT_VERB_RECOVERY"",""log_id"":1000000,""category_id"":32,""verbose_level"":""INFO"",""verbose_level_id"":0,""msg"":""WiredTiger utility threads started successfully""}}}",mongodb/mongodb/785ac59456b94942afa59e520a94c070
1763486388217,"{""t"":{""$date"":""2025-11-18T17:19:48.216+00:00""},""s"":""I"",  ""c"":""WTRECOV"",  ""id"":22430,   ""ctx"":""initandlisten"",""msg"":""WiredTiger message"",""attr"":{""message"":{""ts_sec"":1763486388,""ts_usec"":216764,""thread"":""28:0x7f03d053a400"",""session_name"":""connection"",""category"":""WT_VERB_RECOVERY"",""log_id"":1000000,""category_id"":32,""verbose_level"":""INFO"",""verbose_level_id"":0,""msg"":""the WiredTiger library has successfully opened""}}}",mongodb/mongodb/785ac59456b94942afa59e520a94c070
1763486388217,"{""t"":{""$date"":""2025-11-18T17:19:48.217+00:00""},""s"":""I"",  ""c"":""STORAGE"",  ""id"":10158001,""ctx"":""initandlisten"",""msg"":""Spill WiredTiger opened"",""attr"":{""durationMillis"":132}}",mongodb/mongodb/785ac59456b94942afa59e520a94c070
1763486388232,"{""t"":{""$date"":""2025-11-18T17:19:48.232+00:00""},""s"":""I"",  ""c"":""STORAGE"",  ""id"":9529901, ""ctx"":""initandlisten"",""msg"":""Initializing durable catalog"",""attr"":{""numRecords"":0}}",mongodb/mongodb/785ac59456b94942afa59e520a94c070
1763486388232,"{""t"":{""$date"":""2025-11-18T17:19:48.232+00:00""},""s"":""I"",  ""c"":""STORAGE"",  ""id"":9529902, ""ctx"":""initandlisten"",""msg"":""Retrieving all idents from storage engine""}",mongodb/mongodb/785ac59456b94942afa59e520a94c070
1763486388232,"{""t"":{""$date"":""2025-11-18T17:19:48.232+00:00""},""s"":""I"",  ""c"":""STORAGE"",  ""id"":9529903, ""ctx"":""initandlisten"",""msg"":""Initializing all collections in durable catalog"",""attr"":{""numEntries"":0}}",mongodb/mongodb/785ac59456b94942afa59e520a94c070
1763486388252,"{""t"":{""$date"":""2025-11-18T17:19:48.252+00:00""},""s"":""W"",  ""c"":""CONTROL"",  ""id"":22120,   ""ctx"":""initandlisten"",""msg"":""Access control is not enabled for the database. Read and write access to data and configuration is unrestricted"",""tags"":[""startupWarnings""]}",mongodb/mongodb/785ac59456b94942afa59e520a94c070
1763486388252,"{""t"":{""$date"":""2025-11-18T17:19:48.252+00:00""},""s"":""W"",  ""c"":""CONTROL"",  ""id"":9068900, ""ctx"":""initandlisten"",""msg"":""For customers running the current memory allocator, we suggest changing the contents of the following sysfsFile"",""attr"":{""allocator"":""tcmalloc-google"",""sysfsFile"":""/sys/kernel/mm/transparent_hugepage/enabled"",""currentValue"":""never"",""desiredValue"":""always""},""tags"":[""startupWarnings""]}",mongodb/mongodb/785ac59456b94942afa59e520a94c070
1763486388252,"{""t"":{""$date"":""2025-11-18T17:19:48.252+00:00""},""s"":""W"",  ""c"":""CONTROL"",  ""id"":9068900, ""ctx"":""initandlisten"",""msg"":""For customers running the current memory allocator, we suggest changing the contents of the following sysfsFile"",""attr"":{""allocator"":""tcmalloc-google"",""sysfsFile"":""/sys/kernel/mm/transparent_hugepage/defrag"",""currentValue"":""madvise"",""desiredValue"":""defer+madvise""},""tags"":[""startupWarnings""]}",mongodb/mongodb/785ac59456b94942afa59e520a94c070
1763486388253,"{""t"":{""$date"":""2025-11-18T17:19:48.252+00:00""},""s"":""W"",  ""c"":""CONTROL"",  ""id"":8640302, ""ctx"":""initandlisten"",""msg"":""We suggest setting the contents of sysfsFile to 0."",""attr"":{""sysfsFile"":""/sys/kernel/mm/transparent_hugepage/khugepaged/max_ptes_none"",""currentValue"":511},""tags"":[""startupWarnings""]}",mongodb/mongodb/785ac59456b94942afa59e520a94c070
1763486388256,"{""t"":{""$date"":""2025-11-18T17:19:48.256+00:00""},""s"":""I"",  ""c"":""STORAGE"",  ""id"":20320,   ""ctx"":""initandlisten"",""msg"":""createCollection"",""attr"":{""namespace"":""admin.system.version"",""uuidDisposition"":""provided"",""uuid"":{""uuid"":{""$uuid"":""332c5931-a92b-42a1-85ee-5504f8fe9f9c""}},""options"":{""uuid"":{""$uuid"":""332c5931-a92b-42a1-85ee-5504f8fe9f9c""}}}}",mongodb/mongodb/785ac59456b94942afa59e520a94c070
1763486388284,"{""t"":{""$date"":""2025-11-18T17:19:48.284+00:00""},""s"":""I"",  ""c"":""INDEX"",    ""id"":20345,   ""ctx"":""initandlisten"",""msg"":""Index build: done building"",""attr"":{""buildUUID"":null,""collectionUUID"":{""uuid"":{""$uuid"":""332c5931-a92b-42a1-85ee-5504f8fe9f9c""}},""namespace"":""admin.system.version"",""index"":""_id_"",""ident"":""index-42776e5d-de7c-4b20-965f-a7b0f67f3916"",""collectionIdent"":""collection-7fba54a7-9ee6-43e6-868f-e93b5c002f12"",""commitTimestamp"":null}}",mongodb/mongodb/785ac59456b94942afa59e520a94c070
1763486388284,"{""t"":{""$date"":""2025-11-18T17:19:48.284+00:00""},""s"":""I"",  ""c"":""REPL"",     ""id"":20459,   ""ctx"":""initandlisten"",""msg"":""Setting featureCompatibilityVersion"",""attr"":{""newVersion"":""8.2""}}",mongodb/mongodb/785ac59456b94942afa59e520a94c070
1763486388284,"{""t"":{""$date"":""2025-11-18T17:19:48.284+00:00""},""s"":""I"",  ""c"":""REPL"",     ""id"":5853300, ""ctx"":""initandlisten"",""msg"":""current featureCompatibilityVersion value"",""attr"":{""featureCompatibilityVersion"":""8.2"",""context"":""setFCV""}}",mongodb/mongodb/785ac59456b94942afa59e520a94c070
1763486388284,"{""t"":{""$date"":""2025-11-18T17:19:48.284+00:00""},""s"":""I"",  ""c"":""NETWORK"",  ""id"":4915702, ""ctx"":""initandlisten"",""msg"":""Updated wire specification"",""attr"":{""oldSpec"":{""incomingExternalClient"":{""minWireVersion"":0,""maxWireVersion"":27},""incomingInternalClient"":{""minWireVersion"":0,""maxWireVersion"":27},""outgoing"":{""minWireVersion"":6,""maxWireVersion"":27},""isInternalClient"":true},""newSpec"":{""incomingExternalClient"":{""minWireVersion"":0,""maxWireVersion"":27},""incomingInternalClient"":{""minWireVersion"":27,""maxWireVersion"":27},""outgoing"":{""minWireVersion"":27,""maxWireVersion"":27},""isInternalClient"":true}}}",mongodb/mongodb/785ac59456b94942afa59e520a94c070
1763486388286,"{""t"":{""$date"":""2025-11-18T17:19:48.286+00:00""},""s"":""I"",  ""c"":""NETWORK"",  ""id"":4915702, ""ctx"":""initandlisten"",""msg"":""Updated wire specification"",""attr"":{""oldSpec"":{""incomingExternalClient"":{""minWireVersion"":0,""maxWireVersion"":27},""incomingInternalClient"":{""minWireVersion"":27,""maxWireVersion"":27},""outgoing"":{""minWireVersion"":27,""maxWireVersion"":27},""isInternalClient"":true},""newSpec"":{""incomingExternalClient"":{""minWireVersion"":0,""maxWireVersion"":27},""incomingInternalClient"":{""minWireVersion"":27,""maxWireVersion"":27},""outgoing"":{""minWireVersion"":27,""maxWireVersion"":27},""isInternalClient"":true}}}",mongodb/mongodb/785ac59456b94942afa59e520a94c070
1763486388286,"{""t"":{""$date"":""2025-11-18T17:19:48.286+00:00""},""s"":""I"",  ""c"":""REPL"",     ""id"":5853300, ""ctx"":""initandlisten"",""msg"":""current featureCompatibilityVersion value"",""attr"":{""featureCompatibilityVersion"":""8.2"",""context"":""startup""}}",mongodb/mongodb/785ac59456b94942afa59e520a94c070
1763486388286,"{""t"":{""$date"":""2025-11-18T17:19:48.286+00:00""},""s"":""I"",  ""c"":""STORAGE"",  ""id"":5071100, ""ctx"":""initandlisten"",""msg"":""Clearing temp directory""}",mongodb/mongodb/785ac59456b94942afa59e520a94c070
1763486388286,"{""t"":{""$date"":""2025-11-18T17:19:48.286+00:00""},""s"":""I"",  ""c"":""STORAGE"",  ""id"":10682200,""ctx"":""initandlisten"",""msg"":""Dropping spill idents"",""attr"":{""numIdents"":0}}",mongodb/mongodb/785ac59456b94942afa59e520a94c070
1763486388287,"{""t"":{""$date"":""2025-11-18T17:19:48.286+00:00""},""s"":""I"",  ""c"":""CONTROL"",  ""id"":6608200, ""ctx"":""initandlisten"",""msg"":""Initializing cluster server parameters from disk""}",mongodb/mongodb/785ac59456b94942afa59e520a94c070
1763486388287,"{""t"":{""$date"":""2025-11-18T17:19:48.287+00:00""},""s"":""I"",  ""c"":""CONTROL"",  ""id"":20536,   ""ctx"":""initandlisten"",""msg"":""Flow Control is enabled on this deployment""}",mongodb/mongodb/785ac59456b94942afa59e520a94c070
1763486388287,"{""t"":{""$date"":""2025-11-18T17:19:48.287+00:00""},""s"":""I"",  ""c"":""FTDC"",     ""id"":20625,   ""ctx"":""initandlisten"",""msg"":""Initializing full-time diagnostic data capture"",""attr"":{""dataDirectory"":""/data/db/diagnostic.data""}}",mongodb/mongodb/785ac59456b94942afa59e520a94c070
1763486388307,"{""t"":{""$date"":""2025-11-18T17:19:48.307+00:00""},""s"":""I"",  ""c"":""STORAGE"",  ""id"":20320,   ""ctx"":""initandlisten"",""msg"":""createCollection"",""attr"":{""namespace"":""local.startup_log"",""uuidDisposition"":""generated"",""uuid"":{""uuid"":{""$uuid"":""d4a1a0fe-f73a-4b64-8f43-4540f096aab8""}},""options"":{""capped"":true,""size"":10485760}}}",mongodb/mongodb/785ac59456b94942afa59e520a94c070
1763486388331,"{""t"":{""$date"":""2025-11-18T17:19:48.330+00:00""},""s"":""I"",  ""c"":""INDEX"",    ""id"":20345,   ""ctx"":""initandlisten"",""msg"":""Index build: done building"",""attr"":{""buildUUID"":null,""collectionUUID"":{""uuid"":{""$uuid"":""d4a1a0fe-f73a-4b64-8f43-4540f096aab8""}},""namespace"":""local.startup_log"",""index"":""_id_"",""ident"":""index-810cbef8-e98f-47ea-8d20-ca2ae09851cb"",""collectionIdent"":""collection-55292f10-ca93-4a60-9ff8-02e61b364fcb"",""commitTimestamp"":null}}",mongodb/mongodb/785ac59456b94942afa59e520a94c070
1763486388331,"{""t"":{""$date"":""2025-11-18T17:19:48.331+00:00""},""s"":""I"",  ""c"":""REPL"",     ""id"":6015317, ""ctx"":""initandlisten"",""msg"":""Setting new configuration state"",""attr"":{""newState"":""ConfigReplicationDisabled"",""oldState"":""ConfigPreStart""}}",mongodb/mongodb/785ac59456b94942afa59e520a94c070
1763486388331,"{""t"":{""$date"":""2025-11-18T17:19:48.331+00:00""},""s"":""I"",  ""c"":""STORAGE"",  ""id"":22262,   ""ctx"":""initandlisten"",""msg"":""Timestamp monitor starting""}",mongodb/mongodb/785ac59456b94942afa59e520a94c070
1763486388332,"{""t"":{""$date"":""2025-11-18T17:19:48.332+00:00""},""s"":""I"",  ""c"":""STORAGE"",  ""id"":7333401, ""ctx"":""initandlisten"",""msg"":""Starting the DiskSpaceMonitor""}",mongodb/mongodb/785ac59456b94942afa59e520a94c070
1763486388339,"{""t"":{""$date"":""2025-11-18T17:19:48.338+00:00""},""s"":""I"",  ""c"":""NETWORK"",  ""id"":23015,   ""ctx"":""listener"",""msg"":""Listening on"",""attr"":{""address"":""/tmp/mongodb-27017.sock""}}",mongodb/mongodb/785ac59456b94942afa59e520a94c070
1763486388339,"{""t"":{""$date"":""2025-11-18T17:19:48.339+00:00""},""s"":""I"",  ""c"":""NETWORK"",  ""id"":23015,   ""ctx"":""listener"",""msg"":""Listening on"",""attr"":{""address"":""127.0.0.1:27017""}}",mongodb/mongodb/785ac59456b94942afa59e520a94c070
1763486388339,"{""t"":{""$date"":""2025-11-18T17:19:48.339+00:00""},""s"":""I"",  ""c"":""NETWORK"",  ""id"":23016,   ""ctx"":""listener"",""msg"":""Waiting for connections"",""attr"":{""port"":27017,""ssl"":""off""}}",mongodb/mongodb/785ac59456b94942afa59e520a94c070
1763486388339,"{""t"":{""$date"":""2025-11-18T17:19:48.339+00:00""},""s"":""I"",  ""c"":""CONTROL"",  ""id"":8423403, ""ctx"":""initandlisten"",""msg"":""mongod startup complete"",""attr"":{""Summary of time elapsed"":{""Startup from clean shutdown?"":true,""Statistics"":{""setUpPeriodicRunnerMillis"":0,""setUpOCSPMillis"":0,""setUpTransportLayerMillis"":28,""initSyncCrashRecoveryMillis"":0,""createLockFileMillis"":0,""getStorageEngineMetadataMillis"":0,""createStorageEngineMillis"":522,""writePIDMillis"":0,""writeNewMetadataMillis"":11,""initializeFCVForIndexMillis"":2,""dropAbandonedIdentsMillis"":0,""standaloneClusterParamsMillis"":1,""userAndRolesGraphMillis"":0,""waitForMajorityServiceMillis"":0,""startUpReplCoordMillis"":1,""recoverChangeStreamMillis"":0,""logStartupOptionsMillis"":0,""startUpTransportLayerMillis"":3,""initAndListenTotalMillis"":661}}}}",mongodb/mongodb/785ac59456b94942afa59e520a94c070
1763486388340,"child process started successfully, parent exiting",mongodb/mongodb/785ac59456b94942afa59e520a94c070
1763486388353,"{""t"":{""$date"":""2025-11-18T17:19:48.353+00:00""},""s"":""I"",  ""c"":""CONTROL"",  ""id"":20712,   ""ctx"":""LogicalSessionCacheReap"",""msg"":""Sessions collection is not set up; waiting until next sessions reap interval"",""attr"":{""error"":""NamespaceNotFound: config.system.sessions does not exist""}}",mongodb/mongodb/785ac59456b94942afa59e520a94c070
1763486388354,"{""t"":{""$date"":""2025-11-18T17:19:48.354+00:00""},""s"":""I"",  ""c"":""STORAGE"",  ""id"":20320,   ""ctx"":""LogicalSessionCacheRefresh"",""msg"":""createCollection"",""attr"":{""namespace"":""config.system.sessions"",""uuidDisposition"":""generated"",""uuid"":{""uuid"":{""$uuid"":""7185b9ca-540f-40b5-aa58-f7b09c379765""}},""options"":{}}}",mongodb/mongodb/785ac59456b94942afa59e520a94c070
1763486388395,"{""t"":{""$date"":""2025-11-18T17:19:48.395+00:00""},""s"":""I"",  ""c"":""INDEX"",    ""id"":20345,   ""ctx"":""LogicalSessionCacheRefresh"",""msg"":""Index build: done building"",""attr"":{""buildUUID"":null,""collectionUUID"":{""uuid"":{""$uuid"":""7185b9ca-540f-40b5-aa58-f7b09c379765""}},""namespace"":""config.system.sessions"",""index"":""_id_"",""ident"":""index-cffe865e-2c6d-4cec-9410-99f8fb7a061c"",""collectionIdent"":""collection-fcf6c840-5c80-4062-ae87-35246398ddd9"",""commitTimestamp"":null}}",mongodb/mongodb/785ac59456b94942afa59e520a94c070
1763486388396,"{""t"":{""$date"":""2025-11-18T17:19:48.396+00:00""},""s"":""I"",  ""c"":""INDEX"",    ""id"":20345,   ""ctx"":""LogicalSessionCacheRefresh"",""msg"":""Index build: done building"",""attr"":{""buildUUID"":null,""collectionUUID"":{""uuid"":{""$uuid"":""7185b9ca-540f-40b5-aa58-f7b09c379765""}},""namespace"":""config.system.sessions"",""index"":""lsidTTLIndex"",""ident"":""index-5eebcba1-263f-48d2-b023-a8ebb795805d"",""collectionIdent"":""collection-fcf6c840-5c80-4062-ae87-35246398ddd9"",""commitTimestamp"":null}}",mongodb/mongodb/785ac59456b94942afa59e520a94c070
1763486388675,"{""t"":{""$date"":""2025-11-18T17:19:48.675+00:00""},""s"":""I"",  ""c"":""NETWORK"",  ""id"":22943,   ""ctx"":""listener"",""msg"":""Connection accepted"",""attr"":{""remote"":""127.0.0.1:45438"",""isLoadBalanced"":false,""uuid"":{""uuid"":{""$uuid"":""30afb786-8d51-4073-be52-bce7d87f20ea""}},""connectionId"":1,""connectionCount"":1}}",mongodb/mongodb/785ac59456b94942afa59e520a94c070
1763486388686,"{""t"":{""$date"":""2025-11-18T17:19:48.686+00:00""},""s"":""I"",  ""c"":""NETWORK"",  ""id"":51800,   ""ctx"":""conn1"",""msg"":""client metadata"",""attr"":{""remote"":""127.0.0.1:45438"",""client"":""conn1"",""negotiatedCompressors"":[],""doc"":{""driver"":{""name"":""nodejs|Mongoose"",""version"":""3.7.4""},""os"":{""type"":""Linux"",""name"":""linux"",""architecture"":""x64"",""version"":""5.10.245-241.978.amzn2.x86_64""},""platform"":""'Node.js v25.1.0, LE (unified)"",""version"":""3.7.4|5.13.23""}}}",mongodb/mongodb/785ac59456b94942afa59e520a94c070
1763486388687,"{""t"":{""$date"":""2025-11-18T17:19:48.686+00:00""},""s"":""I"",  ""c"":""ACCESS"",   ""id"":10483900,""ctx"":""conn1"",""msg"":""Connection not authenticating"",""attr"":{""client"":""127.0.0.1:45438"",""doc"":{""driver"":{""name"":""nodejs|Mongoose"",""version"":""3.7.4""},""os"":{""type"":""Linux"",""name"":""linux"",""architecture"":""x64"",""version"":""5.10.245-241.978.amzn2.x86_64""},""platform"":""'Node.js v25.1.0, LE (unified)"",""version"":""3.7.4|5.13.23""}}}",mongodb/mongodb/785ac59456b94942afa59e520a94c070
1763486388699,"{""t"":{""$date"":""2025-11-18T17:19:48.699+00:00""},""s"":""I"",  ""c"":""NETWORK"",  ""id"":22943,   ""ctx"":""listener"",""msg"":""Connection accepted"",""attr"":{""remote"":""127.0.0.1:45452"",""isLoadBalanced"":false,""uuid"":{""uuid"":{""$uuid"":""5fd7c222-3df3-41e2-9391-f5ecc83d3f8e""}},""connectionId"":2,""connectionCount"":2}}",mongodb/mongodb/785ac59456b94942afa59e520a94c070
1763486388705,"{""t"":{""$date"":""2025-11-18T17:19:48.705+00:00""},""s"":""I"",  ""c"":""NETWORK"",  ""id"":51800,   ""ctx"":""conn2"",""msg"":""client metadata"",""attr"":{""remote"":""127.0.0.1:45452"",""client"":""conn2"",""negotiatedCompressors"":[],""doc"":{""driver"":{""name"":""nodejs|Mongoose"",""version"":""3.7.4""},""os"":{""type"":""Linux"",""name"":""linux"",""architecture"":""x64"",""version"":""5.10.245-241.978.amzn2.x86_64""},""platform"":""'Node.js v25.1.0, LE (unified)"",""version"":""3.7.4|5.13.23""}}}",mongodb/mongodb/785ac59456b94942afa59e520a94c070
1763486388712,"{""t"":{""$date"":""2025-11-18T17:19:48.712+00:00""},""s"":""I"",  ""c"":""ACCESS"",   ""id"":20251,   ""ctx"":""conn2"",""msg"":""Supported SASL mechanisms requested for unknown user"",""attr"":{""user"":{""user"":""lirone"",""db"":""admin""}}}",mongodb/mongodb/785ac59456b94942afa59e520a94c070
1763486388712,"{""t"":{""$date"":""2025-11-18T17:19:48.712+00:00""},""s"":""I"",  ""c"":""ACCESS"",   ""id"":6788604, ""ctx"":""conn2"",""msg"":""Auth metrics report"",""attr"":{""metric"":""acquireUser"",""micros"":0}}",mongodb/mongodb/785ac59456b94942afa59e520a94c070
1763486388715,"{""t"":{""$date"":""2025-11-18T17:19:48.715+00:00""},""s"":""I"",  ""c"":""ACCESS"",   ""id"":5286307, ""ctx"":""conn2"",""msg"":""Failed to authenticate"",""attr"":{""client"":""127.0.0.1:45452"",""isSpeculative"":true,""isClusterMember"":false,""mechanism"":""SCRAM-SHA-256"",""user"":""lirone"",""db"":""admin"",""error"":""UserNotFound: Could not find user \""lirone\"" for db \""admin\"""",""result"":11,""metrics"":{""conversation_duration"":{""micros"":2319,""summary"":{""0"":{""step"":1,""step_total"":2,""duration_micros"":2293}}}},""doc"":{""driver"":{""name"":""nodejs|Mongoose"",""version"":""3.7.4""},""os"":{""type"":""Linux"",""name"":""linux"",""architecture"":""x64"",""version"":""5.10.245-241.978.amzn2.x86_64""},""platform"":""'Node.js v25.1.0, LE (unified)"",""version"":""3.7.4|5.13.23""},""extraInfo"":{}}}",mongodb/mongodb/785ac59456b94942afa59e520a94c070
1763486388719,"{""t"":{""$date"":""2025-11-18T17:19:48.718+00:00""},""s"":""I"",  ""c"":""ACCESS"",   ""id"":6788604, ""ctx"":""conn2"",""msg"":""Auth metrics report"",""attr"":{""metric"":""acquireUser"",""micros"":0}}",mongodb/mongodb/785ac59456b94942afa59e520a94c070
1763486388719,"{""t"":{""$date"":""2025-11-18T17:19:48.719+00:00""},""s"":""I"",  ""c"":""ACCESS"",   ""id"":5286307, ""ctx"":""conn2"",""msg"":""Failed to authenticate"",""attr"":{""client"":""127.0.0.1:45452"",""isSpeculative"":false,""isClusterMember"":false,""mechanism"":""SCRAM-SHA-1"",""user"":""lirone"",""db"":""admin"",""error"":""UserNotFound: Could not find user \""lirone\"" for db \""admin\"""",""result"":11,""metrics"":{""conversation_duration"":{""micros"":1013,""summary"":{""0"":{""step"":1,""step_total"":2,""duration_micros"":980}}}},""doc"":{""driver"":{""name"":""nodejs|Mongoose"",""version"":""3.7.4""},""os"":{""type"":""Linux"",""name"":""linux"",""architecture"":""x64"",""version"":""5.10.245-241.978.amzn2.x86_64""},""platform"":""'Node.js v25.1.0, LE (unified)"",""version"":""3.7.4|5.13.23""},""extraInfo"":{}}}",mongodb/mongodb/785ac59456b94942afa59e520a94c070
1763486388725,"{""t"":{""$date"":""2025-11-18T17:19:48.725+00:00""},""s"":""I"",  ""c"":""NETWORK"",  ""id"":22944,   ""ctx"":""conn1"",""msg"":""Connection ended"",""attr"":{""remote"":""127.0.0.1:45438"",""isLoadBalanced"":false,""uuid"":{""uuid"":{""$uuid"":""30afb786-8d51-4073-be52-bce7d87f20ea""}},""connectionId"":1,""connectionCount"":1}}",mongodb/mongodb/785ac59456b94942afa59e520a94c070
1763486388727,FAILED TO CONNECT TO MONGODB,backend/backend/785ac59456b94942afa59e520a94c070
1763486388728,MongoError: Authentication failed.,backend/backend/785ac59456b94942afa59e520a94c070
1763486388728,    at MessageStream.messageHandler (/app/node_modules/mongodb/lib/cmap/connection.js:299:20),backend/backend/785ac59456b94942afa59e520a94c070
1763486388728,    at MessageStream.emit (node:events:508:28),backend/backend/785ac59456b94942afa59e520a94c070
1763486388728,    at processIncomingData (/app/node_modules/mongodb/lib/cmap/message_stream.js:144:12),backend/backend/785ac59456b94942afa59e520a94c070
1763486388728,    at MessageStream._write (/app/node_modules/mongodb/lib/cmap/message_stream.js:42:5),backend/backend/785ac59456b94942afa59e520a94c070
1763486388728,    at writeOrBuffer (node:internal/streams/writable:570:12),backend/backend/785ac59456b94942afa59e520a94c070
1763486388728,    at _write (node:internal/streams/writable:499:10),backend/backend/785ac59456b94942afa59e520a94c070
1763486388728,    at Writable.write (node:internal/streams/writable:508:10),backend/backend/785ac59456b94942afa59e520a94c070
1763486388728,    at Socket.ondata (node:internal/streams/readable:1008:24),backend/backend/785ac59456b94942afa59e520a94c070
1763486388728,    at Socket.emit (node:events:508:28),backend/backend/785ac59456b94942afa59e520a94c070
1763486388728,    at addChunk (node:internal/streams/readable:559:12),backend/backend/785ac59456b94942afa59e520a94c070
1763486388728,    at readableAddChunkPushByteMode (node:internal/streams/readable:510:3),backend/backend/785ac59456b94942afa59e520a94c070
1763486388728,    at Readable.push (node:internal/streams/readable:390:5),backend/backend/785ac59456b94942afa59e520a94c070
1763486388728,    at TCP.onStreamRead (node:internal/stream_base_commons:189:23) {,backend/backend/785ac59456b94942afa59e520a94c070
1763486388728,"  ok: 0,",backend/backend/785ac59456b94942afa59e520a94c070
1763486388728,"  code: 18,",backend/backend/785ac59456b94942afa59e520a94c070
1763486388728,  codeName: 'AuthenticationFailed',backend/backend/785ac59456b94942afa59e520a94c070
1763486388728,},backend/backend/785ac59456b94942afa59e520a94c070
1763486388758,"{""t"":{""$date"":""2025-11-18T17:19:48.758+00:00""},""s"":""I"",  ""c"":""NETWORK"",  ""id"":22944,   ""ctx"":""conn2"",""msg"":""Connection ended"",""attr"":{""remote"":""127.0.0.1:45452"",""isLoadBalanced"":false,""uuid"":{""uuid"":{""$uuid"":""5fd7c222-3df3-41e2-9391-f5ecc83d3f8e""}},""connectionId"":2,""connectionCount"":0}}",mongodb/mongodb/785ac59456b94942afa59e520a94c070
1763486388775,[32m[nodemon] clean exit - waiting for changes before restart[39m,backend/backend/785ac59456b94942afa59e520a94c070
1763486391308,"{""t"":{""$date"":""2025-11-18T17:19:51.308+00:00""},""s"":""I"",  ""c"":""NETWORK"",  ""id"":22943,   ""ctx"":""listener"",""msg"":""Connection accepted"",""attr"":{""remote"":""127.0.0.1:45468"",""isLoadBalanced"":false,""uuid"":{""uuid"":{""$uuid"":""e99295f2-74e5-4bfb-801b-347a8deeaa08""}},""connectionId"":3,""connectionCount"":1}}",mongodb/mongodb/785ac59456b94942afa59e520a94c070
1763486391316,"{""t"":{""$date"":""2025-11-18T17:19:51.316+00:00""},""s"":""I"",  ""c"":""NETWORK"",  ""id"":51800,   ""ctx"":""conn3"",""msg"":""client metadata"",""attr"":{""remote"":""127.0.0.1:45468"",""client"":""conn3"",""negotiatedCompressors"":[],""doc"":{""application"":{""name"":""mongosh 2.5.9""},""driver"":{""name"":""nodejs|mongosh"",""version"":""6.19.0|2.5.9""},""platform"":""Node.js v20.19.5, LE"",""os"":{""name"":""linux"",""architecture"":""x64"",""version"":""3.10.0-327.22.2.el7.x86_64"",""type"":""Linux""}}}}",mongodb/mongodb/785ac59456b94942afa59e520a94c070
1763486391316,"{""t"":{""$date"":""2025-11-18T17:19:51.316+00:00""},""s"":""I"",  ""c"":""ACCESS"",   ""id"":10483900,""ctx"":""conn3"",""msg"":""Connection not authenticating"",""attr"":{""client"":""127.0.0.1:45468"",""doc"":{""application"":{""name"":""mongosh 2.5.9""},""driver"":{""name"":""nodejs|mongosh"",""version"":""6.19.0|2.5.9""},""platform"":""Node.js v20.19.5, LE"",""os"":{""name"":""linux"",""architecture"":""x64"",""version"":""3.10.0-327.22.2.el7.x86_64"",""type"":""Linux""}}}}",mongodb/mongodb/785ac59456b94942afa59e520a94c070
1763486391530,"{""t"":{""$date"":""2025-11-18T17:19:51.530+00:00""},""s"":""I"",  ""c"":""NETWORK"",  ""id"":22943,   ""ctx"":""listener"",""msg"":""Connection accepted"",""attr"":{""remote"":""127.0.0.1:45482"",""isLoadBalanced"":false,""uuid"":{""uuid"":{""$uuid"":""5d87210e-beb4-40e8-8337-7910faf679ad""}},""connectionId"":4,""connectionCount"":2}}",mongodb/mongodb/785ac59456b94942afa59e520a94c070
1763486391531,"{""t"":{""$date"":""2025-11-18T17:19:51.531+00:00""},""s"":""I"",  ""c"":""NETWORK"",  ""id"":22943,   ""ctx"":""listener"",""msg"":""Connection accepted"",""attr"":{""remote"":""127.0.0.1:45498"",""isLoadBalanced"":false,""uuid"":{""uuid"":{""$uuid"":""cfe682a8-c089-4063-8ea5-54da18c83945""}},""connectionId"":5,""connectionCount"":3}}",mongodb/mongodb/785ac59456b94942afa59e520a94c070
1763486391539,"{""t"":{""$date"":""2025-11-18T17:19:51.538+00:00""},""s"":""I"",  ""c"":""NETWORK"",  ""id"":51800,   ""ctx"":""conn4"",""msg"":""client metadata"",""attr"":{""remote"":""127.0.0.1:45482"",""client"":""conn4"",""negotiatedCompressors"":[],""doc"":{""application"":{""name"":""mongosh 2.5.9""},""driver"":{""name"":""nodejs|mongosh"",""version"":""6.19.0|2.5.9""},""platform"":""Node.js v20.19.5, LE"",""os"":{""name"":""linux"",""architecture"":""x64"",""version"":""3.10.0-327.22.2.el7.x86_64"",""type"":""Linux""}}}}",mongodb/mongodb/785ac59456b94942afa59e520a94c070
1763486391539,"{""t"":{""$date"":""2025-11-18T17:19:51.539+00:00""},""s"":""I"",  ""c"":""ACCESS"",   ""id"":10483900,""ctx"":""conn4"",""msg"":""Connection not authenticating"",""attr"":{""client"":""127.0.0.1:45482"",""doc"":{""application"":{""name"":""mongosh 2.5.9""},""driver"":{""name"":""nodejs|mongosh"",""version"":""6.19.0|2.5.9""},""platform"":""Node.js v20.19.5, LE"",""os"":{""name"":""linux"",""architecture"":""x64"",""version"":""3.10.0-327.22.2.el7.x86_64"",""type"":""Linux""}}}}",mongodb/mongodb/785ac59456b94942afa59e520a94c070
1763486391540,"{""t"":{""$date"":""2025-11-18T17:19:51.540+00:00""},""s"":""I"",  ""c"":""NETWORK"",  ""id"":51800,   ""ctx"":""conn5"",""msg"":""client metadata"",""attr"":{""remote"":""127.0.0.1:45498"",""client"":""conn5"",""negotiatedCompressors"":[],""doc"":{""application"":{""name"":""mongosh 2.5.9""},""driver"":{""name"":""nodejs|mongosh"",""version"":""6.19.0|2.5.9""},""platform"":""Node.js v20.19.5, LE"",""os"":{""name"":""linux"",""architecture"":""x64"",""version"":""3.10.0-327.22.2.el7.x86_64"",""type"":""Linux""}}}}",mongodb/mongodb/785ac59456b94942afa59e520a94c070
1763486391540,"{""t"":{""$date"":""2025-11-18T17:19:51.540+00:00""},""s"":""I"",  ""c"":""ACCESS"",   ""id"":10483900,""ctx"":""conn5"",""msg"":""Connection not authenticating"",""attr"":{""client"":""127.0.0.1:45498"",""doc"":{""application"":{""name"":""mongosh 2.5.9""},""driver"":{""name"":""nodejs|mongosh"",""version"":""6.19.0|2.5.9""},""platform"":""Node.js v20.19.5, LE"",""os"":{""name"":""linux"",""architecture"":""x64"",""version"":""3.10.0-327.22.2.el7.x86_64"",""type"":""Linux""}}}}",mongodb/mongodb/785ac59456b94942afa59e520a94c070
1763486391553,"{""t"":{""$date"":""2025-11-18T17:19:51.553+00:00""},""s"":""I"",  ""c"":""NETWORK"",  ""id"":22943,   ""ctx"":""listener"",""msg"":""Connection accepted"",""attr"":{""remote"":""127.0.0.1:45504"",""isLoadBalanced"":false,""uuid"":{""uuid"":{""$uuid"":""b5d32d52-148e-49b7-94d1-51a7bbd8a541""}},""connectionId"":6,""connectionCount"":4}}",mongodb/mongodb/785ac59456b94942afa59e520a94c070
1763486391555,"{""t"":{""$date"":""2025-11-18T17:19:51.555+00:00""},""s"":""I"",  ""c"":""NETWORK"",  ""id"":6788700, ""ctx"":""conn4"",""msg"":""Received first command on ingress connection since session start or auth handshake"",""attr"":{""elapsedMillis"":16}}",mongodb/mongodb/785ac59456b94942afa59e520a94c070
1763486391559,"{""t"":{""$date"":""2025-11-18T17:19:51.559+00:00""},""s"":""I"",  ""c"":""NETWORK"",  ""id"":22944,   ""ctx"":""conn3"",""msg"":""Connection ended"",""attr"":{""remote"":""127.0.0.1:45468"",""isLoadBalanced"":false,""uuid"":{""uuid"":{""$uuid"":""e99295f2-74e5-4bfb-801b-347a8deeaa08""}},""connectionId"":3,""connectionCount"":3}}",mongodb/mongodb/785ac59456b94942afa59e520a94c070
1763486391559,"{""t"":{""$date"":""2025-11-18T17:19:51.559+00:00""},""s"":""I"",  ""c"":""NETWORK"",  ""id"":22944,   ""ctx"":""conn4"",""msg"":""Connection ended"",""attr"":{""remote"":""127.0.0.1:45482"",""isLoadBalanced"":false,""uuid"":{""uuid"":{""$uuid"":""5d87210e-beb4-40e8-8337-7910faf679ad""}},""connectionId"":4,""connectionCount"":2}}",mongodb/mongodb/785ac59456b94942afa59e520a94c070
1763486391568,"{""t"":{""$date"":""2025-11-18T17:19:51.568+00:00""},""s"":""I"",  ""c"":""NETWORK"",  ""id"":22944,   ""ctx"":""conn5"",""msg"":""Connection ended"",""attr"":{""remote"":""127.0.0.1:45498"",""isLoadBalanced"":false,""uuid"":{""uuid"":{""$uuid"":""cfe682a8-c089-4063-8ea5-54da18c83945""}},""connectionId"":5,""connectionCount"":1}}",mongodb/mongodb/785ac59456b94942afa59e520a94c070
1763486391569,"{""t"":{""$date"":""2025-11-18T17:19:51.569+00:00""},""s"":""I"",  ""c"":""NETWORK"",  ""id"":22944,   ""ctx"":""conn6"",""msg"":""Connection ended"",""attr"":{""remote"":""127.0.0.1:45504"",""isLoadBalanced"":false,""uuid"":{""uuid"":{""$uuid"":""b5d32d52-148e-49b7-94d1-51a7bbd8a541""}},""connectionId"":6,""connectionCount"":0}}",mongodb/mongodb/785ac59456b94942afa59e520a94c070
1763486392879,"{""t"":{""$date"":""2025-11-18T17:19:52.877+00:00""},""s"":""I"",  ""c"":""NETWORK"",  ""id"":22943,   ""ctx"":""listener"",""msg"":""Connection accepted"",""attr"":{""remote"":""127.0.0.1:45520"",""isLoadBalanced"":false,""uuid"":{""uuid"":{""$uuid"":""322171fd-f84b-4f07-a1b7-d19edf36c99c""}},""connectionId"":7,""connectionCount"":1}}",mongodb/mongodb/785ac59456b94942afa59e520a94c070
1763486392888,"{""t"":{""$date"":""2025-11-18T17:19:52.888+00:00""},""s"":""I"",  ""c"":""NETWORK"",  ""id"":51800,   ""ctx"":""conn7"",""msg"":""client metadata"",""attr"":{""remote"":""127.0.0.1:45520"",""client"":""conn7"",""negotiatedCompressors"":[],""doc"":{""application"":{""name"":""mongosh 2.5.9""},""driver"":{""name"":""nodejs|mongosh"",""version"":""6.19.0|2.5.9""},""platform"":""Node.js v20.19.5, LE"",""os"":{""name"":""linux"",""architecture"":""x64"",""version"":""3.10.0-327.22.2.el7.x86_64"",""type"":""Linux""}}}}",mongodb/mongodb/785ac59456b94942afa59e520a94c070
1763486392888,"{""t"":{""$date"":""2025-11-18T17:19:52.888+00:00""},""s"":""I"",  ""c"":""ACCESS"",   ""id"":10483900,""ctx"":""conn7"",""msg"":""Connection not authenticating"",""attr"":{""client"":""127.0.0.1:45520"",""doc"":{""application"":{""name"":""mongosh 2.5.9""},""driver"":{""name"":""nodejs|mongosh"",""version"":""6.19.0|2.5.9""},""platform"":""Node.js v20.19.5, LE"",""os"":{""name"":""linux"",""architecture"":""x64"",""version"":""3.10.0-327.22.2.el7.x86_64"",""type"":""Linux""}}}}",mongodb/mongodb/785ac59456b94942afa59e520a94c070
1763486393024,"{""t"":{""$date"":""2025-11-18T17:19:53.023+00:00""},""s"":""I"",  ""c"":""NETWORK"",  ""id"":22943,   ""ctx"":""listener"",""msg"":""Connection accepted"",""attr"":{""remote"":""127.0.0.1:45524"",""isLoadBalanced"":false,""uuid"":{""uuid"":{""$uuid"":""a751537c-9739-4da5-a6b2-44fd181cfde6""}},""connectionId"":8,""connectionCount"":2}}",mongodb/mongodb/785ac59456b94942afa59e520a94c070
1763486393024,"{""t"":{""$date"":""2025-11-18T17:19:53.024+00:00""},""s"":""I"",  ""c"":""NETWORK"",  ""id"":22943,   ""ctx"":""listener"",""msg"":""Connection accepted"",""attr"":{""remote"":""127.0.0.1:45528"",""isLoadBalanced"":false,""uuid"":{""uuid"":{""$uuid"":""a404d2e1-c9fa-41d3-bdda-65dffdf18566""}},""connectionId"":9,""connectionCount"":3}}",mongodb/mongodb/785ac59456b94942afa59e520a94c070
1763486393035,"{""t"":{""$date"":""2025-11-18T17:19:53.034+00:00""},""s"":""I"",  ""c"":""NETWORK"",  ""id"":51800,   ""ctx"":""conn8"",""msg"":""client metadata"",""attr"":{""remote"":""127.0.0.1:45524"",""client"":""conn8"",""negotiatedCompressors"":[],""doc"":{""application"":{""name"":""mongosh 2.5.9""},""driver"":{""name"":""nodejs|mongosh"",""version"":""6.19.0|2.5.9""},""platform"":""Node.js v20.19.5, LE"",""os"":{""name"":""linux"",""architecture"":""x64"",""version"":""3.10.0-327.22.2.el7.x86_64"",""type"":""Linux""}}}}",mongodb/mongodb/785ac59456b94942afa59e520a94c070
1763486393035,"{""t"":{""$date"":""2025-11-18T17:19:53.035+00:00""},""s"":""I"",  ""c"":""ACCESS"",   ""id"":10483900,""ctx"":""conn8"",""msg"":""Connection not authenticating"",""attr"":{""client"":""127.0.0.1:45524"",""doc"":{""application"":{""name"":""mongosh 2.5.9""},""driver"":{""name"":""nodejs|mongosh"",""version"":""6.19.0|2.5.9""},""platform"":""Node.js v20.19.5, LE"",""os"":{""name"":""linux"",""architecture"":""x64"",""version"":""3.10.0-327.22.2.el7.x86_64"",""type"":""Linux""}}}}",mongodb/mongodb/785ac59456b94942afa59e520a94c070
1763486393040,"{""t"":{""$date"":""2025-11-18T17:19:53.040+00:00""},""s"":""I"",  ""c"":""NETWORK"",  ""id"":51800,   ""ctx"":""conn9"",""msg"":""client metadata"",""attr"":{""remote"":""127.0.0.1:45528"",""client"":""conn9"",""negotiatedCompressors"":[],""doc"":{""application"":{""name"":""mongosh 2.5.9""},""driver"":{""name"":""nodejs|mongosh"",""version"":""6.19.0|2.5.9""},""platform"":""Node.js v20.19.5, LE"",""os"":{""name"":""linux"",""architecture"":""x64"",""version"":""3.10.0-327.22.2.el7.x86_64"",""type"":""Linux""}}}}",mongodb/mongodb/785ac59456b94942afa59e520a94c070
1763486393040,"{""t"":{""$date"":""2025-11-18T17:19:53.040+00:00""},""s"":""I"",  ""c"":""ACCESS"",   ""id"":10483900,""ctx"":""conn9"",""msg"":""Connection not authenticating"",""attr"":{""client"":""127.0.0.1:45528"",""doc"":{""application"":{""name"":""mongosh 2.5.9""},""driver"":{""name"":""nodejs|mongosh"",""version"":""6.19.0|2.5.9""},""platform"":""Node.js v20.19.5, LE"",""os"":{""name"":""linux"",""architecture"":""x64"",""version"":""3.10.0-327.22.2.el7.x86_64"",""type"":""Linux""}}}}",mongodb/mongodb/785ac59456b94942afa59e520a94c070
1763486393046,"{""t"":{""$date"":""2025-11-18T17:19:53.046+00:00""},""s"":""I"",  ""c"":""NETWORK"",  ""id"":6788700, ""ctx"":""conn8"",""msg"":""Received first command on ingress connection since session start or auth handshake"",""attr"":{""elapsedMillis"":11}}",mongodb/mongodb/785ac59456b94942afa59e520a94c070
1763486393051,"{""t"":{""$date"":""2025-11-18T17:19:53.048+00:00""},""s"":""I"",  ""c"":""NETWORK"",  ""id"":22943,   ""ctx"":""listener"",""msg"":""Connection accepted"",""attr"":{""remote"":""127.0.0.1:45530"",""isLoadBalanced"":false,""uuid"":{""uuid"":{""$uuid"":""723e0ef8-d2ea-450a-a01c-ce9e55d660a8""}},""connectionId"":10,""connectionCount"":4}}",mongodb/mongodb/785ac59456b94942afa59e520a94c070
1763486393085,"{""t"":{""$date"":""2025-11-18T17:19:53.085+00:00""},""s"":""I"",  ""c"":""NETWORK"",  ""id"":51800,   ""ctx"":""conn10"",""msg"":""client metadata"",""attr"":{""remote"":""127.0.0.1:45530"",""client"":""conn10"",""negotiatedCompressors"":[],""doc"":{""application"":{""name"":""mongosh 2.5.9""},""driver"":{""name"":""nodejs|mongosh"",""version"":""6.19.0|2.5.9""},""platform"":""Node.js v20.19.5, LE"",""os"":{""name"":""linux"",""architecture"":""x64"",""version"":""3.10.0-327.22.2.el7.x86_64"",""type"":""Linux""}}}}",mongodb/mongodb/785ac59456b94942afa59e520a94c070
1763486393086,"{""t"":{""$date"":""2025-11-18T17:19:53.085+00:00""},""s"":""I"",  ""c"":""ACCESS"",   ""id"":10483900,""ctx"":""conn10"",""msg"":""Connection not authenticating"",""attr"":{""client"":""127.0.0.1:45530"",""doc"":{""application"":{""name"":""mongosh 2.5.9""},""driver"":{""name"":""nodejs|mongosh"",""version"":""6.19.0|2.5.9""},""platform"":""Node.js v20.19.5, LE"",""os"":{""name"":""linux"",""architecture"":""x64"",""version"":""3.10.0-327.22.2.el7.x86_64"",""type"":""Linux""}}}}",mongodb/mongodb/785ac59456b94942afa59e520a94c070
1763486393128,"{""t"":{""$date"":""2025-11-18T17:19:53.128+00:00""},""s"":""I"",  ""c"":""NETWORK"",  ""id"":6788700, ""ctx"":""conn10"",""msg"":""Received first command on ingress connection since session start or auth handshake"",""attr"":{""elapsedMillis"":42}}",mongodb/mongodb/785ac59456b94942afa59e520a94c070
1763486394284,"admin> ... ... ... ... {""t"":{""$date"":""2025-11-18T17:19:54.284+00:00""},""s"":""I"",  ""c"":""STORAGE"",  ""id"":20320,   ""ctx"":""conn10"",""msg"":""createCollection"",""attr"":{""namespace"":""admin.system.users"",""uuidDisposition"":""generated"",""uuid"":{""uuid"":{""$uuid"":""e5d6a614-c6df-491b-a275-d95b028d3f11""}},""options"":{}}}",mongodb/mongodb/785ac59456b94942afa59e520a94c070
1763486394338,"{""t"":{""$date"":""2025-11-18T17:19:54.338+00:00""},""s"":""I"",  ""c"":""INDEX"",    ""id"":20345,   ""ctx"":""conn10"",""msg"":""Index build: done building"",""attr"":{""buildUUID"":null,""collectionUUID"":{""uuid"":{""$uuid"":""e5d6a614-c6df-491b-a275-d95b028d3f11""}},""namespace"":""admin.system.users"",""index"":""_id_"",""ident"":""index-8a3935c0-754d-4cc2-9b7f-bf224da2b8c8"",""collectionIdent"":""collection-868954e6-031b-42e5-a69e-32c0bb1ab90b"",""commitTimestamp"":null}}",mongodb/mongodb/785ac59456b94942afa59e520a94c070
1763486394338,"{""t"":{""$date"":""2025-11-18T17:19:54.338+00:00""},""s"":""I"",  ""c"":""INDEX"",    ""id"":20345,   ""ctx"":""conn10"",""msg"":""Index build: done building"",""attr"":{""buildUUID"":null,""collectionUUID"":{""uuid"":{""$uuid"":""e5d6a614-c6df-491b-a275-d95b028d3f11""}},""namespace"":""admin.system.users"",""index"":""user_1_db_1"",""ident"":""index-ff979657-30fa-4d12-ad7c-dd4a741a2e58"",""collectionIdent"":""collection-868954e6-031b-42e5-a69e-32c0bb1ab90b"",""commitTimestamp"":null}}",mongodb/mongodb/785ac59456b94942afa59e520a94c070
1763486394339,"{""t"":{""$date"":""2025-11-18T17:19:54.338+00:00""},""s"":""I"",  ""c"":""COMMAND"",  ""id"":51803,   ""ctx"":""conn10"",""msg"":""Slow query"",""attr"":{""type"":""command"",""isFromUserConnection"":true,""ns"":""admin.$cmd"",""collectionType"":""admin"",""appName"":""mongosh 2.5.9"",""command"":{""createUser"":""lirone"",""pwd"":""xxx"",""roles"":[{""role"":""root"",""db"":""admin""}],""lsid"":{""id"":{""$uuid"":""b8c0c768-f596-4268-a8f0-cb828bc6eb65""}},""$db"":""admin""},""numYields"":0,""reslen"":38,""locks"":{""ReplicationStateTransition"":{""acquireCount"":{""w"":3}},""Global"":{""acquireCount"":{""w"":3}},""Database"":{""acquireCount"":{""w"":3}},""Collection"":{""acquireCount"":{""w"":3}}},""flowControl"":{""acquireCount"":3},""storage"":{""timeWaitingMicros"":{""storageExecutionMicros"":218}},""cpuNanos"":49508959,""remote"":""127.0.0.1:45530"",""protocol"":""op_msg"",""delinquencyInfo"":{""totalDelinquentAcquisitions"":1,""totalAcquisitionDelinquencyMillis"":53,""maxAcquisitionDelinquencyMillis"":53},""queues"":{""ingress"":{""admissions"":2},""execution"":{""admissions"":4}},""workingMillis"":180,""durationMillis"":180}}",mongodb/mongodb/785ac59456b94942afa59e520a94c070
1763486394352,{ ok: 1 },mongodb/mongodb/785ac59456b94942afa59e520a94c070
1763486394367,"admin> {""t"":{""$date"":""2025-11-18T17:19:54.366+00:00""},""s"":""I"",  ""c"":""-"",        ""id"":20883,   ""ctx"":""conn7"",""msg"":""Interrupted operation as its client disconnected"",""attr"":{""opId"":20481}}",mongodb/mongodb/785ac59456b94942afa59e520a94c070
1763486394367,"{""t"":{""$date"":""2025-11-18T17:19:54.367+00:00""},""s"":""I"",  ""c"":""NETWORK"",  ""id"":22944,   ""ctx"":""conn10"",""msg"":""Connection ended"",""attr"":{""remote"":""127.0.0.1:45530"",""isLoadBalanced"":false,""uuid"":{""uuid"":{""$uuid"":""723e0ef8-d2ea-450a-a01c-ce9e55d660a8""}},""connectionId"":10,""connectionCount"":3}}",mongodb/mongodb/785ac59456b94942afa59e520a94c070
1763486394368,"{""t"":{""$date"":""2025-11-18T17:19:54.368+00:00""},""s"":""I"",  ""c"":""NETWORK"",  ""id"":22944,   ""ctx"":""conn9"",""msg"":""Connection ended"",""attr"":{""remote"":""127.0.0.1:45528"",""isLoadBalanced"":false,""uuid"":{""uuid"":{""$uuid"":""a404d2e1-c9fa-41d3-bdda-65dffdf18566""}},""connectionId"":9,""connectionCount"":2}}",mongodb/mongodb/785ac59456b94942afa59e520a94c070
1763486394368,"{""t"":{""$date"":""2025-11-18T17:19:54.368+00:00""},""s"":""I"",  ""c"":""NETWORK"",  ""id"":22944,   ""ctx"":""conn8"",""msg"":""Connection ended"",""attr"":{""remote"":""127.0.0.1:45524"",""isLoadBalanced"":false,""uuid"":{""uuid"":{""$uuid"":""a751537c-9739-4da5-a6b2-44fd181cfde6""}},""connectionId"":8,""connectionCount"":1}}",mongodb/mongodb/785ac59456b94942afa59e520a94c070
1763486394368,"{""t"":{""$date"":""2025-11-18T17:19:54.368+00:00""},""s"":""I"",  ""c"":""NETWORK"",  ""id"":22944,   ""ctx"":""conn7"",""msg"":""Connection ended"",""attr"":{""remote"":""127.0.0.1:45520"",""isLoadBalanced"":false,""uuid"":{""uuid"":{""$uuid"":""322171fd-f84b-4f07-a1b7-d19edf36c99c""}},""connectionId"":7,""connectionCount"":0}}",mongodb/mongodb/785ac59456b94942afa59e520a94c070
1763486394427,/usr/local/bin/docker-entrypoint.sh: ignoring /docker-entrypoint-initdb.d/*,mongodb/mongodb/785ac59456b94942afa59e520a94c070
1763486394806,"{""t"":{""$date"":""2025-11-18T17:19:54.805+00:00""},""s"":""I"",  ""c"":""-"",        ""id"":8991200, ""ctx"":""main"",""msg"":""Shuffling initializers"",""attr"":{""seed"":118598879}}",mongodb/mongodb/785ac59456b94942afa59e520a94c070
1763486394817,"{""t"":{""$date"":""2025-11-18T17:19:54.816+00:00""},""s"":""I"",  ""c"":""CONTROL"",  ""id"":20698,   ""ctx"":""main"",""msg"":""***** SERVER RESTARTED *****""}",mongodb/mongodb/785ac59456b94942afa59e520a94c070
1763486394824,"{""t"":{""$date"":""2025-11-18T17:19:54.823+00:00""},""s"":""I"",  ""c"":""CONTROL"",  ""id"":97374,   ""ctx"":""main"",""msg"":""Automatically disabling TLS 1.0 and TLS 1.1, to force-enable TLS 1.1 specify --sslDisabledProtocols 'TLS1_0'; to force-enable TLS 1.0 specify --sslDisabledProtocols 'none'""}",mongodb/mongodb/785ac59456b94942afa59e520a94c070
1763486394834,"{""t"":{""$date"":""2025-11-18T17:19:54.834+00:00""},""s"":""I"",  ""c"":""NETWORK"",  ""id"":4915701, ""ctx"":""main"",""msg"":""Initialized wire specification"",""attr"":{""spec"":{""incomingExternalClient"":{""minWireVersion"":0,""maxWireVersion"":27},""incomingInternalClient"":{""minWireVersion"":0,""maxWireVersion"":27},""outgoing"":{""minWireVersion"":6,""maxWireVersion"":27},""isInternalClient"":true}}}",mongodb/mongodb/785ac59456b94942afa59e520a94c070
1763486394835,Killing process with pid: 28,mongodb/mongodb/785ac59456b94942afa59e520a94c070
1763486394835,"{""t"":{""$date"":""2025-11-18T17:19:54.835+00:00""},""s"":""I"",  ""c"":""CONTROL"",  ""id"":23377,   ""ctx"":""SignalHandler"",""msg"":""Received signal"",""attr"":{""signal"":15,""error"":""Terminated""}}",mongodb/mongodb/785ac59456b94942afa59e520a94c070
1763486394835,"{""t"":{""$date"":""2025-11-18T17:19:54.835+00:00""},""s"":""I"",  ""c"":""CONTROL"",  ""id"":23378,   ""ctx"":""SignalHandler"",""msg"":""Signal was sent by kill(2)"",""attr"":{""pid"":118,""uid"":999}}",mongodb/mongodb/785ac59456b94942afa59e520a94c070
1763486394835,"{""t"":{""$date"":""2025-11-18T17:19:54.835+00:00""},""s"":""I"",  ""c"":""CONTROL"",  ""id"":23381,   ""ctx"":""SignalHandler"",""msg"":""will terminate after current cmd ends""}",mongodb/mongodb/785ac59456b94942afa59e520a94c070
1763486394835,"{""t"":{""$date"":""2025-11-18T17:19:54.835+00:00""},""s"":""I"",  ""c"":""REPL"",     ""id"":4784900, ""ctx"":""SignalHandler"",""msg"":""Stepping down the ReplicationCoordinator for shutdown"",""attr"":{""waitTimeMillis"":15000}}",mongodb/mongodb/785ac59456b94942afa59e520a94c070
1763486394836,"{""t"":{""$date"":""2025-11-18T17:19:54.836+00:00""},""s"":""I"",  ""c"":""REPL"",     ""id"":4794602, ""ctx"":""SignalHandler"",""msg"":""Attempting to enter quiesce mode""}",mongodb/mongodb/785ac59456b94942afa59e520a94c070
1763486394836,"{""t"":{""$date"":""2025-11-18T17:19:54.836+00:00""},""s"":""I"",  ""c"":""STORAGE"",  ""id"":7333402, ""ctx"":""SignalHandler"",""msg"":""Shutting down the DiskSpaceMonitor""}",mongodb/mongodb/785ac59456b94942afa59e520a94c070
1763486394836,"{""t"":{""$date"":""2025-11-18T17:19:54.836+00:00""},""s"":""I"",  ""c"":""-"",        ""id"":6371601, ""ctx"":""SignalHandler"",""msg"":""Shutting down the FLE Crud thread pool""}",mongodb/mongodb/785ac59456b94942afa59e520a94c070
1763486394836,"{""t"":{""$date"":""2025-11-18T17:19:54.836+00:00""},""s"":""I"",  ""c"":""COMMAND"",  ""id"":4784901, ""ctx"":""SignalHandler"",""msg"":""Shutting down the MirrorMaestro""}",mongodb/mongodb/785ac59456b94942afa59e520a94c070
1763486394836,"{""t"":{""$date"":""2025-11-18T17:19:54.836+00:00""},""s"":""I"",  ""c"":""SHARDING"", ""id"":4784902, ""ctx"":""SignalHandler"",""msg"":""Shutting down the WaitForMajorityService""}",mongodb/mongodb/785ac59456b94942afa59e520a94c070
1763486394837,"{""t"":{""$date"":""2025-11-18T17:19:54.836+00:00""},""s"":""I"",  ""c"":""CONTROL"",  ""id"":4784903, ""ctx"":""SignalHandler"",""msg"":""Shutting down the LogicalSessionCache""}",mongodb/mongodb/785ac59456b94942afa59e520a94c070
1763486394837,"{""t"":{""$date"":""2025-11-18T17:19:54.837+00:00""},""s"":""I"",  ""c"":""NETWORK"",  ""id"":8314100, ""ctx"":""SignalHandler"",""msg"":""Shutdown: Closing listener sockets""}",mongodb/mongodb/785ac59456b94942afa59e520a94c070
1763486394838,"{""t"":{""$date"":""2025-11-18T17:19:54.838+00:00""},""s"":""I"",  ""c"":""NETWORK"",  ""id"":23017,   ""ctx"":""listener"",""msg"":""removing socket file"",""attr"":{""path"":""/tmp/mongodb-27017.sock""}}",mongodb/mongodb/785ac59456b94942afa59e520a94c070
1763486394839,"{""t"":{""$date"":""2025-11-18T17:19:54.839+00:00""},""s"":""I"",  ""c"":""NETWORK"",  ""id"":4784905, ""ctx"":""SignalHandler"",""msg"":""Shutting down the global connection pool""}",mongodb/mongodb/785ac59456b94942afa59e520a94c070
1763486394839,"{""t"":{""$date"":""2025-11-18T17:19:54.839+00:00""},""s"":""I"",  ""c"":""CONTROL"",  ""id"":4784906, ""ctx"":""SignalHandler"",""msg"":""Shutting down the FlowControlTicketholder""}",mongodb/mongodb/785ac59456b94942afa59e520a94c070
1763486394839,"{""t"":{""$date"":""2025-11-18T17:19:54.839+00:00""},""s"":""I"",  ""c"":""-"",        ""id"":20520,   ""ctx"":""SignalHandler"",""msg"":""Stopping further Flow Control ticket acquisitions.""}",mongodb/mongodb/785ac59456b94942afa59e520a94c070
1763486394839,"{""t"":{""$date"":""2025-11-18T17:19:54.839+00:00""},""s"":""I"",  ""c"":""CONTROL"",  ""id"":4784908, ""ctx"":""SignalHandler"",""msg"":""Shutting down PeriodicThreadToAbortExpiredTransactions""}",mongodb/mongodb/785ac59456b94942afa59e520a94c070
1763486394840,"{""t"":{""$date"":""2025-11-18T17:19:54.840+00:00""},""s"":""I"",  ""c"":""CONTROL"",  ""id"":10036707,""ctx"":""SignalHandler"",""msg"":""Shutting down PeriodicThreadToRollbackUnderCachePressure""}",mongodb/mongodb/785ac59456b94942afa59e520a94c070
1763486394840,"{""t"":{""$date"":""2025-11-18T17:19:54.840+00:00""},""s"":""I"",  ""c"":""REPL"",     ""id"":4784909, ""ctx"":""SignalHandler"",""msg"":""Shutting down the ReplicationCoordinator""}",mongodb/mongodb/785ac59456b94942afa59e520a94c070
1763486394840,"{""t"":{""$date"":""2025-11-18T17:19:54.840+00:00""},""s"":""I"",  ""c"":""SHARDING"", ""id"":4784910, ""ctx"":""SignalHandler"",""msg"":""Shutting down the ShardingInitializationMongoD""}",mongodb/mongodb/785ac59456b94942afa59e520a94c070
1763486394840,"{""t"":{""$date"":""2025-11-18T17:19:54.840+00:00""},""s"":""I"",  ""c"":""REPL"",     ""id"":4784911, ""ctx"":""SignalHandler"",""msg"":""Enqueuing the ReplicationStateTransitionLock for shutdown""}",mongodb/mongodb/785ac59456b94942afa59e520a94c070
1763486394840,"{""t"":{""$date"":""2025-11-18T17:19:54.840+00:00""},""s"":""I"",  ""c"":""-"",        ""id"":4784912, ""ctx"":""SignalHandler"",""msg"":""Killing all operations for shutdown""}",mongodb/mongodb/785ac59456b94942afa59e520a94c070
1763486394840,"{""t"":{""$date"":""2025-11-18T17:19:54.840+00:00""},""s"":""I"",  ""c"":""-"",        ""id"":4695300, ""ctx"":""SignalHandler"",""msg"":""Interrupted all currently running operations"",""attr"":{""opsKilled"":3}}",mongodb/mongodb/785ac59456b94942afa59e520a94c070
1763486394840,"{""t"":{""$date"":""2025-11-18T17:19:54.840+00:00""},""s"":""I"",  ""c"":""COMMAND"",  ""id"":4784913, ""ctx"":""SignalHandler"",""msg"":""Shutting down all open transactions""}",mongodb/mongodb/785ac59456b94942afa59e520a94c070
1763486394840,"{""t"":{""$date"":""2025-11-18T17:19:54.840+00:00""},""s"":""I"",  ""c"":""REPL"",     ""id"":4784914, ""ctx"":""SignalHandler"",""msg"":""Acquiring the ReplicationStateTransitionLock for shutdown""}",mongodb/mongodb/785ac59456b94942afa59e520a94c070
1763486394840,"{""t"":{""$date"":""2025-11-18T17:19:54.840+00:00""},""s"":""I"",  ""c"":""INDEX"",    ""id"":4784915, ""ctx"":""SignalHandler"",""msg"":""Shutting down the IndexBuildsCoordinator""}",mongodb/mongodb/785ac59456b94942afa59e520a94c070
1763486394840,"{""t"":{""$date"":""2025-11-18T17:19:54.840+00:00""},""s"":""I"",  ""c"":""NETWORK"",  ""id"":4784918, ""ctx"":""SignalHandler"",""msg"":""Shutting down the ReplicaSetMonitor""}",mongodb/mongodb/785ac59456b94942afa59e520a94c070
1763486394841,"{""t"":{""$date"":""2025-11-18T17:19:54.841+00:00""},""s"":""I"",  ""c"":""SHARDING"", ""id"":9439300, ""ctx"":""SignalHandler"",""msg"":""Shutting down the filtering metadata cache""}",mongodb/mongodb/785ac59456b94942afa59e520a94c070
1763486394841,"{""t"":{""$date"":""2025-11-18T17:19:54.841+00:00""},""s"":""I"",  ""c"":""NETWORK"",  ""id"":20562,   ""ctx"":""SignalHandler"",""msg"":""Shutdown: Closing open transport sessions""}",mongodb/mongodb/785ac59456b94942afa59e520a94c070
1763486394841,"{""t"":{""$date"":""2025-11-18T17:19:54.841+00:00""},""s"":""I"",  ""c"":""NETWORK"",  ""id"":4784923, ""ctx"":""SignalHandler"",""msg"":""Shutting down the ASIO transport SessionManager""}",mongodb/mongodb/785ac59456b94942afa59e520a94c070
1763486394841,"{""t"":{""$date"":""2025-11-18T17:19:54.841+00:00""},""s"":""I"",  ""c"":""CONTROL"",  ""id"":4784927, ""ctx"":""SignalHandler"",""msg"":""Shutting down the HealthLog""}",mongodb/mongodb/785ac59456b94942afa59e520a94c070
1763486394841,"{""t"":{""$date"":""2025-11-18T17:19:54.841+00:00""},""s"":""I"",  ""c"":""CONTROL"",  ""id"":4784928, ""ctx"":""SignalHandler"",""msg"":""Shutting down the TTL monitor""}",mongodb/mongodb/785ac59456b94942afa59e520a94c070
1763486394841,"{""t"":{""$date"":""2025-11-18T17:19:54.841+00:00""},""s"":""I"",  ""c"":""INDEX"",    ""id"":3684100, ""ctx"":""SignalHandler"",""msg"":""Shutting down TTL collection monitor thread""}",mongodb/mongodb/785ac59456b94942afa59e520a94c070
1763486394841,"{""t"":{""$date"":""2025-11-18T17:19:54.841+00:00""},""s"":""I"",  ""c"":""INDEX"",    ""id"":3684101, ""ctx"":""SignalHandler"",""msg"":""Finished shutting down TTL collection monitor thread""}",mongodb/mongodb/785ac59456b94942afa59e520a94c070
1763486394841,"{""t"":{""$date"":""2025-11-18T17:19:54.841+00:00""},""s"":""I"",  ""c"":""CONTROL"",  ""id"":4784929, ""ctx"":""SignalHandler"",""msg"":""Acquiring the global lock for shutdown""}",mongodb/mongodb/785ac59456b94942afa59e520a94c070
1763486394842,"{""t"":{""$date"":""2025-11-18T17:19:54.842+00:00""},""s"":""I"",  ""c"":""CONTROL"",  ""id"":4784930, ""ctx"":""SignalHandler"",""msg"":""Shutting down the storage engine""}",mongodb/mongodb/785ac59456b94942afa59e520a94c070
1763486394843,"{""t"":{""$date"":""2025-11-18T17:19:54.842+00:00""},""s"":""I"",  ""c"":""STORAGE"",  ""id"":22320,   ""ctx"":""SignalHandler"",""msg"":""Shutting down journal flusher thread""}",mongodb/mongodb/785ac59456b94942afa59e520a94c070
1763486394844,"{""t"":{""$date"":""2025-11-18T17:19:54.843+00:00""},""s"":""I"",  ""c"":""STORAGE"",  ""id"":22321,   ""ctx"":""SignalHandler"",""msg"":""Finished shutting down journal flusher thread""}",mongodb/mongodb/785ac59456b94942afa59e520a94c070
1763486394844,"{""t"":{""$date"":""2025-11-18T17:19:54.844+00:00""},""s"":""I"",  ""c"":""STORAGE"",  ""id"":22322,   ""ctx"":""SignalHandler"",""msg"":""Shutting down checkpoint thread""}",mongodb/mongodb/785ac59456b94942afa59e520a94c070
1763486394844,"{""t"":{""$date"":""2025-11-18T17:19:54.844+00:00""},""s"":""I"",  ""c"":""STORAGE"",  ""id"":22323,   ""ctx"":""SignalHandler"",""msg"":""Finished shutting down checkpoint thread""}",mongodb/mongodb/785ac59456b94942afa59e520a94c070
1763486394848,"{""t"":{""$date"":""2025-11-18T17:19:54.845+00:00""},""s"":""I"",  ""c"":""STORAGE"",  ""id"":20282,   ""ctx"":""SignalHandler"",""msg"":""Deregistering all the collections""}",mongodb/mongodb/785ac59456b94942afa59e520a94c070
1763486394849,"{""t"":{""$date"":""2025-11-18T17:19:54.849+00:00""},""s"":""I"",  ""c"":""STORAGE"",  ""id"":22261,   ""ctx"":""SignalHandler"",""msg"":""Timestamp monitor shutting down""}",mongodb/mongodb/785ac59456b94942afa59e520a94c070
1763486394849,"{""t"":{""$date"":""2025-11-18T17:19:54.849+00:00""},""s"":""I"",  ""c"":""STORAGE"",  ""id"":10158003,""ctx"":""SignalHandler"",""msg"":""SpillWiredTigerKVEngine shutting down""}",mongodb/mongodb/785ac59456b94942afa59e520a94c070
1763486394849,"{""t"":{""$date"":""2025-11-18T17:19:54.849+00:00""},""s"":""I"",  ""c"":""STORAGE"",  ""id"":10158006,""ctx"":""SignalHandler"",""msg"":""Closing spill WiredTiger"",""attr"":{""closeConfig"":""leak_memory=true,""}}",mongodb/mongodb/785ac59456b94942afa59e520a94c070
1763486394850,"{""t"":{""$date"":""2025-11-18T17:19:54.849+00:00""},""s"":""I"",  ""c"":""WTRECOV"",  ""id"":22430,   ""ctx"":""SignalHandler"",""msg"":""WiredTiger message"",""attr"":{""message"":{""ts_sec"":1763486394,""ts_usec"":849545,""thread"":""28:0x7f03d05186c0"",""session_name"":""WT_CONNECTION.close"",""category"":""WT_VERB_RECOVERY_PROGRESS"",""log_id"":1000000,""category_id"":33,""verbose_level"":""INFO"",""verbose_level_id"":0,""msg"":""closing WiredTiger library.""}}}",mongodb/mongodb/785ac59456b94942afa59e520a94c070
1763486394850,"{""t"":{""$date"":""2025-11-18T17:19:54.849+00:00""},""s"":""I"",  ""c"":""WTRECOV"",  ""id"":22430,   ""ctx"":""SignalHandler"",""msg"":""WiredTiger message"",""attr"":{""message"":{""ts_sec"":1763486394,""ts_usec"":849629,""thread"":""28:0x7f03d05186c0"",""session_name"":""WT_CONNECTION.close"",""category"":""WT_VERB_RECOVERY_PROGRESS"",""log_id"":1000000,""category_id"":33,""verbose_level"":""INFO"",""verbose_level_id"":0,""msg"":""rolling back all running transactions.""}}}",mongodb/mongodb/785ac59456b94942afa59e520a94c070
1763486394850,"{""t"":{""$date"":""2025-11-18T17:19:54.849+00:00""},""s"":""I"",  ""c"":""WTRECOV"",  ""id"":22430,   ""ctx"":""SignalHandler"",""msg"":""WiredTiger message"",""attr"":{""message"":{""ts_sec"":1763486394,""ts_usec"":849700,""thread"":""28:0x7f03d05186c0"",""session_name"":""WT_CONNECTION.close"",""category"":""WT_VERB_RECOVERY_PROGRESS"",""log_id"":1000000,""category_id"":33,""verbose_level"":""INFO"",""verbose_level_id"":0,""msg"":""closing all running sessions.""}}}",mongodb/mongodb/785ac59456b94942afa59e520a94c070
1763486394850,"{""t"":{""$date"":""2025-11-18T17:19:54.849+00:00""},""s"":""I"",  ""c"":""WTRECOV"",  ""id"":22430,   ""ctx"":""SignalHandler"",""msg"":""WiredTiger message"",""attr"":{""message"":{""ts_sec"":1763486394,""ts_usec"":849753,""thread"":""28:0x7f03d05186c0"",""session_name"":""WT_CONNECTION.close"",""category"":""WT_VERB_RECOVERY_PROGRESS"",""log_id"":1000000,""category_id"":33,""verbose_level"":""INFO"",""verbose_level_id"":0,""msg"":""closing some of the internal threads.""}}}",mongodb/mongodb/785ac59456b94942afa59e520a94c070
1763486394851,"{""t"":{""$date"":""2025-11-18T17:19:54.851+00:00""},""s"":""I"",  ""c"":""WTRECOV"",  ""id"":22430,   ""ctx"":""SignalHandler"",""msg"":""WiredTiger message"",""attr"":{""message"":{""ts_sec"":1763486394,""ts_usec"":851785,""thread"":""28:0x7f03d05186c0"",""session_name"":""WT_CONNECTION.close"",""category"":""WT_VERB_RECOVERY_PROGRESS"",""log_id"":1000000,""category_id"":33,""verbose_level"":""INFO"",""verbose_level_id"":0,""msg"":""perform final checkpoint and shutting down the global transaction state""}}}",mongodb/mongodb/785ac59456b94942afa59e520a94c070
1763486394852,"{""t"":{""$date"":""2025-11-18T17:19:54.852+00:00""},""s"":""I"",  ""c"":""WTCHKPT"",  ""id"":22430,   ""ctx"":""SignalHandler"",""msg"":""WiredTiger message"",""attr"":{""message"":{""ts_sec"":1763486394,""ts_usec"":851985,""thread"":""28:0x7f03d05186c0"",""session_name"":""close_ckpt"",""category"":""WT_VERB_CHECKPOINT"",""log_id"":1000000,""category_id"":5,""verbose_level"":""INFO"",""verbose_level_id"":0,""msg"":""Checkpoint requested at stable timestamp (0, 0)""}}}",mongodb/mongodb/785ac59456b94942afa59e520a94c070
1763486394852,"{""t"":{""$date"":""2025-11-18T17:19:54.852+00:00""},""s"":""I"",  ""c"":""WTCHKPT"",  ""id"":22430,   ""ctx"":""SignalHandler"",""msg"":""WiredTiger message"",""attr"":{""message"":{""ts_sec"":1763486394,""ts_usec"":852208,""thread"":""28:0x7f03d05186c0"",""session_name"":""close_ckpt"",""category"":""WT_VERB_CHECKPOINT_PROGRESS"",""log_id"":1000000,""category_id"":7,""verbose_level"":""INFO"",""verbose_level_id"":0,""msg"":""saving checkpoint snapshot min: 2, snapshot max: 2 snapshot count: 0, oldest timestamp: (0, 0) , meta checkpoint timestamp: (0, 0) base write gen: 1""}}}",mongodb/mongodb/785ac59456b94942afa59e520a94c070
1763486394874,"{""t"":{""$date"":""2025-11-18T17:19:54.874+00:00""},""s"":""I"",  ""c"":""WTRECOV"",  ""id"":22430,   ""ctx"":""SignalHandler"",""msg"":""WiredTiger message"",""attr"":{""message"":{""ts_sec"":1763486394,""ts_usec"":874192,""thread"":""28:0x7f03d05186c0"",""session_name"":""WT_CONNECTION.close"",""category"":""WT_VERB_RECOVERY_PROGRESS"",""log_id"":1000000,""category_id"":33,""verbose_level"":""INFO"",""verbose_level_id"":0,""msg"":""shutdown checkpoint has successfully finished and ran for 22 milliseconds""}}}",mongodb/mongodb/785ac59456b94942afa59e520a94c070
1763486394875,"{""t"":{""$date"":""2025-11-18T17:19:54.875+00:00""},""s"":""I"",  ""c"":""WTRECOV"",  ""id"":22430,   ""ctx"":""SignalHandler"",""msg"":""WiredTiger message"",""attr"":{""message"":{""ts_sec"":1763486394,""ts_usec"":875381,""thread"":""28:0x7f03d05186c0"",""session_name"":""WT_CONNECTION.close"",""category"":""WT_VERB_RECOVERY_PROGRESS"",""log_id"":1493200,""category_id"":33,""verbose_level"":""INFO"",""verbose_level_id"":0,""msg"":""shutdown was completed successfully and took 25ms, including 0ms for the rollback to stable, and 22ms for the checkpoint.""}}}",mongodb/mongodb/785ac59456b94942afa59e520a94c070
1763486394875,"{""t"":{""$date"":""2025-11-18T17:19:54.875+00:00""},""s"":""I"",  ""c"":""WTEVICT"",  ""id"":22430,   ""ctx"":""SignalHandler"",""msg"":""WiredTiger message"",""attr"":{""message"":{""ts_sec"":1763486394,""ts_usec"":875452,""thread"":""28:0x7f03d05186c0"",""session_name"":""WT_CONNECTION.close"",""category"":""WT_VERB_EVICTION"",""log_id"":1000000,""category_id"":15,""verbose_level"":""INFO"",""verbose_level_id"":0,""msg"":""stopping eviction threads""}}}",mongodb/mongodb/785ac59456b94942afa59e520a94c070
1763486394875,"{""t"":{""$date"":""2025-11-18T17:19:54.875+00:00""},""s"":""I"",  ""c"":""WTEVICT"",  ""id"":22430,   ""ctx"":""SignalHandler"",""msg"":""WiredTiger message"",""attr"":{""message"":{""ts_sec"":1763486394,""ts_usec"":875594,""thread"":""28:0x7f03d05186c0"",""session_name"":""WT_CONNECTION.close"",""category"":""WT_VERB_EVICTION"",""log_id"":1000000,""category_id"":15,""verbose_level"":""INFO"",""verbose_level_id"":0,""msg"":""waiting for eviction threads to stop""}}}",mongodb/mongodb/785ac59456b94942afa59e520a94c070
1763486394876,"{""t"":{""$date"":""2025-11-18T17:19:54.876+00:00""},""s"":""I"",  ""c"":""WTEVICT"",  ""id"":22430,   ""ctx"":""thread41"",""msg"":""WiredTiger message"",""attr"":{""message"":{""ts_sec"":1763486394,""ts_usec"":875984,""thread"":""28:0x7f03becfc6c0"",""session_name"":""eviction-server"",""category"":""WT_VERB_EVICTION"",""log_id"":1000000,""category_id"":15,""verbose_level"":""INFO"",""verbose_level_id"":0,""msg"":""eviction thread exiting""}}}",mongodb/mongodb/785ac59456b94942afa59e520a94c070
1763486394892,"{""t"":{""$date"":""2025-11-18T17:19:54.891+00:00""},""s"":""I"",  ""c"":""STORAGE"",  ""id"":10158007,""ctx"":""SignalHandler"",""msg"":""Closed spill WiredTiger "",""attr"":{""durationMillis"":42}}",mongodb/mongodb/785ac59456b94942afa59e520a94c070
1763486394892,"{""t"":{""$date"":""2025-11-18T17:19:54.892+00:00""},""s"":""I"",  ""c"":""STORAGE"",  ""id"":22317,   ""ctx"":""SignalHandler"",""msg"":""WiredTigerKVEngine shutting down""}",mongodb/mongodb/785ac59456b94942afa59e520a94c070
1763486394892,"{""t"":{""$date"":""2025-11-18T17:19:54.892+00:00""},""s"":""I"",  ""c"":""STORAGE"",  ""id"":22318,   ""ctx"":""SignalHandler"",""msg"":""Shutting down session sweeper thread""}",mongodb/mongodb/785ac59456b94942afa59e520a94c070
1763486394893,"{""t"":{""$date"":""2025-11-18T17:19:54.893+00:00""},""s"":""I"",  ""c"":""STORAGE"",  ""id"":22319,   ""ctx"":""SignalHandler"",""msg"":""Finished shutting down session sweeper thread""}",mongodb/mongodb/785ac59456b94942afa59e520a94c070
1763486394898,"{""t"":{""$date"":""2025-11-18T17:19:54.897+00:00""},""s"":""I"",  ""c"":""STORAGE"",  ""id"":4795902, ""ctx"":""SignalHandler"",""msg"":""Closing WiredTiger"",""attr"":{""closeConfig"":""leak_memory=true,use_timestamp=false,""}}",mongodb/mongodb/785ac59456b94942afa59e520a94c070
1763486394913,"{""t"":{""$date"":""2025-11-18T17:19:54.901+00:00""},""s"":""I"",  ""c"":""WTRECOV"",  ""id"":22430,   ""ctx"":""SignalHandler"",""msg"":""WiredTiger message"",""attr"":{""message"":{""ts_sec"":1763486394,""ts_usec"":897708,""thread"":""28:0x7f03d05186c0"",""session_name"":""WT_CONNECTION.close"",""category"":""WT_VERB_RECOVERY_PROGRESS"",""log_id"":1000000,""category_id"":33,""verbose_level"":""INFO"",""verbose_level_id"":0,""msg"":""closing WiredTiger library.""}}}",mongodb/mongodb/785ac59456b94942afa59e520a94c070
1763486394913,"{""t"":{""$date"":""2025-11-18T17:19:54.909+00:00""},""s"":""I"",  ""c"":""WTRECOV"",  ""id"":22430,   ""ctx"":""SignalHandler"",""msg"":""WiredTiger message"",""attr"":{""message"":{""ts_sec"":1763486394,""ts_usec"":909670,""thread"":""28:0x7f03d05186c0"",""session_name"":""WT_CONNECTION.close"",""category"":""WT_VERB_RECOVERY_PROGRESS"",""log_id"":1000000,""category_id"":33,""verbose_level"":""INFO"",""verbose_level_id"":0,""msg"":""rolling back all running transactions.""}}}",mongodb/mongodb/785ac59456b94942afa59e520a94c070
1763486394913,"{""t"":{""$date"":""2025-11-18T17:19:54.909+00:00""},""s"":""I"",  ""c"":""WTRECOV"",  ""id"":22430,   ""ctx"":""SignalHandler"",""msg"":""WiredTiger message"",""attr"":{""message"":{""ts_sec"":1763486394,""ts_usec"":909778,""thread"":""28:0x7f03d05186c0"",""session_name"":""WT_CONNECTION.close"",""category"":""WT_VERB_RECOVERY_PROGRESS"",""log_id"":1000000,""category_id"":33,""verbose_level"":""INFO"",""verbose_level_id"":0,""msg"":""closing all running sessions.""}}}",mongodb/mongodb/785ac59456b94942afa59e520a94c070
1763486394913,"{""t"":{""$date"":""2025-11-18T17:19:54.909+00:00""},""s"":""I"",  ""c"":""WTRECOV"",  ""id"":22430,   ""ctx"":""SignalHandler"",""msg"":""WiredTiger message"",""attr"":{""message"":{""ts_sec"":1763486394,""ts_usec"":909806,""thread"":""28:0x7f03d05186c0"",""session_name"":""WT_CONNECTION.close"",""category"":""WT_VERB_RECOVERY_PROGRESS"",""log_id"":1000000,""category_id"":33,""verbose_level"":""INFO"",""verbose_level_id"":0,""msg"":""closing some of the internal threads.""}}}",mongodb/mongodb/785ac59456b94942afa59e520a94c070
1763486395040,"{""t"":{""$date"":""2025-11-18T17:19:55.040+00:00""},""s"":""I"",  ""c"":""WTRECOV"",  ""id"":22430,   ""ctx"":""SignalHandler"",""msg"":""WiredTiger message"",""attr"":{""message"":{""ts_sec"":1763486395,""ts_usec"":40027,""thread"":""28:0x7f03d05186c0"",""session_name"":""WT_CONNECTION.close"",""category"":""WT_VERB_RECOVERY_PROGRESS"",""log_id"":1000000,""category_id"":33,""verbose_level"":""INFO"",""verbose_level_id"":0,""msg"":""perform final checkpoint and shutting down the global transaction state""}}}",mongodb/mongodb/785ac59456b94942afa59e520a94c070
1763486395052,"{""t"":{""$date"":""2025-11-18T17:19:55.048+00:00""},""s"":""I"",  ""c"":""WTCHKPT"",  ""id"":22430,   ""ctx"":""SignalHandler"",""msg"":""WiredTiger message"",""attr"":{""message"":{""ts_sec"":1763486395,""ts_usec"":48692,""thread"":""28:0x7f03d05186c0"",""session_name"":""close_ckpt"",""category"":""WT_VERB_CHECKPOINT_PROGRESS"",""log_id"":1000000,""category_id"":7,""verbose_level"":""INFO"",""verbose_level_id"":0,""msg"":""saving checkpoint snapshot min: 45, snapshot max: 45 snapshot count: 0, oldest timestamp: (0, 0) , meta checkpoint timestamp: (0, 0) base write gen: 1""}}}",mongodb/mongodb/785ac59456b94942afa59e520a94c070
1763486395129,"{""t"":{""$date"":""2025-11-18T17:19:55.129+00:00""},""s"":""I"",  ""c"":""WTRECOV"",  ""id"":22430,   ""ctx"":""SignalHandler"",""msg"":""WiredTiger message"",""attr"":{""message"":{""ts_sec"":1763486395,""ts_usec"":128487,""thread"":""28:0x7f03d05186c0"",""session_name"":""WT_CONNECTION.close"",""category"":""WT_VERB_RECOVERY_PROGRESS"",""log_id"":1000000,""category_id"":33,""verbose_level"":""INFO"",""verbose_level_id"":0,""msg"":""shutdown checkpoint has successfully finished and ran for 87 milliseconds""}}}",mongodb/mongodb/785ac59456b94942afa59e520a94c070
1763486395130,"{""t"":{""$date"":""2025-11-18T17:19:55.130+00:00""},""s"":""I"",  ""c"":""WTRECOV"",  ""id"":22430,   ""ctx"":""SignalHandler"",""msg"":""WiredTiger message"",""attr"":{""message"":{""ts_sec"":1763486395,""ts_usec"":130668,""thread"":""28:0x7f03d05186c0"",""session_name"":""WT_CONNECTION.close"",""category"":""WT_VERB_RECOVERY_PROGRESS"",""log_id"":1493200,""category_id"":33,""verbose_level"":""INFO"",""verbose_level_id"":0,""msg"":""shutdown was completed successfully and took 221ms, including 0ms for the rollback to stable, and 87ms for the checkpoint.""}}}",mongodb/mongodb/785ac59456b94942afa59e520a94c070
1763486395130,"{""t"":{""$date"":""2025-11-18T17:19:55.130+00:00""},""s"":""I"",  ""c"":""WTEVICT"",  ""id"":22430,   ""ctx"":""SignalHandler"",""msg"":""WiredTiger message"",""attr"":{""message"":{""ts_sec"":1763486395,""ts_usec"":130795,""thread"":""28:0x7f03d05186c0"",""session_name"":""WT_CONNECTION.close"",""category"":""WT_VERB_EVICTION"",""log_id"":1000000,""category_id"":15,""verbose_level"":""INFO"",""verbose_level_id"":0,""msg"":""stopping eviction threads""}}}",mongodb/mongodb/785ac59456b94942afa59e520a94c070
1763486395149,"{""t"":{""$date"":""2025-11-18T17:19:55.148+00:00""},""s"":""I"",  ""c"":""WTEVICT"",  ""id"":22430,   ""ctx"":""SignalHandler"",""msg"":""WiredTiger message"",""attr"":{""message"":{""ts_sec"":1763486395,""ts_usec"":130952,""thread"":""28:0x7f03d05186c0"",""session_name"":""WT_CONNECTION.close"",""category"":""WT_VERB_EVICTION"",""log_id"":1000000,""category_id"":15,""verbose_level"":""INFO"",""verbose_level_id"":0,""msg"":""waiting for eviction threads to stop""}}}",mongodb/mongodb/785ac59456b94942afa59e520a94c070
1763486395149,"{""t"":{""$date"":""2025-11-18T17:19:55.149+00:00""},""s"":""I"",  ""c"":""WTEVICT"",  ""id"":22430,   ""ctx"":""thread42"",""msg"":""WiredTiger message"",""attr"":{""message"":{""ts_sec"":1763486395,""ts_usec"":149187,""thread"":""28:0x7f03c970d6c0"",""session_name"":""eviction-server"",""category"":""WT_VERB_EVICTION"",""log_id"":1000000,""category_id"":15,""verbose_level"":""INFO"",""verbose_level_id"":0,""msg"":""eviction thread exiting""}}}",mongodb/mongodb/785ac59456b94942afa59e520a94c070
1763486395179,"{""t"":{""$date"":""2025-11-18T17:19:55.179+00:00""},""s"":""I"",  ""c"":""STORAGE"",  ""id"":4795901, ""ctx"":""SignalHandler"",""msg"":""WiredTiger closed"",""attr"":{""durationMillis"":282}}",mongodb/mongodb/785ac59456b94942afa59e520a94c070
1763486395179,"{""t"":{""$date"":""2025-11-18T17:19:55.179+00:00""},""s"":""I"",  ""c"":""STORAGE"",  ""id"":22279,   ""ctx"":""SignalHandler"",""msg"":""shutdown: removing fs lock...""}",mongodb/mongodb/785ac59456b94942afa59e520a94c070
1763486395180,"{""t"":{""$date"":""2025-11-18T17:19:55.180+00:00""},""s"":""I"",  ""c"":""-"",        ""id"":4784931, ""ctx"":""SignalHandler"",""msg"":""Dropping the scope cache for shutdown""}",mongodb/mongodb/785ac59456b94942afa59e520a94c070
1763486395180,"{""t"":{""$date"":""2025-11-18T17:19:55.180+00:00""},""s"":""I"",  ""c"":""FTDC"",     ""id"":20626,   ""ctx"":""SignalHandler"",""msg"":""Shutting down full-time diagnostic data capture""}",mongodb/mongodb/785ac59456b94942afa59e520a94c070
1763486395186,"{""t"":{""$date"":""2025-11-18T17:19:55.186+00:00""},""s"":""I"",  ""c"":""CONTROL"",  ""id"":20565,   ""ctx"":""SignalHandler"",""msg"":""Now exiting""}",mongodb/mongodb/785ac59456b94942afa59e520a94c070
1763486395187,"{""t"":{""$date"":""2025-11-18T17:19:55.187+00:00""},""s"":""I"",  ""c"":""CONTROL"",  ""id"":8423404, ""ctx"":""SignalHandler"",""msg"":""mongod shutdown complete"",""attr"":{""Summary of time elapsed"":{""Statistics"":{""enterTerminalShutdownMillis"":0,""stepDownReplCoordMillis"":1,""quiesceModeMillis"":0,""stopFLECrudMillis"":0,""shutDownMirrorMaestroMillis"":0,""shutDownWaitForMajorityServiceMillis"":0,""shutDownLogicalSessionCacheMillis"":0,""shutDownGlobalConnectionPoolMillis"":1,""shutDownSearchTaskExecutorsMillis"":0,""shutDownFlowControlTicketHolderMillis"":0,""shutDownAbortExpiredTransactionsThreadMillis"":0,""shutDownRollbackUnderCachePressureThreadMillis"":1,""killAllOperationsMillis"":0,""shutDownOpenTransactionsMillis"":0,""acquireRSTLMillis"":0,""shutDownIndexBuildsCoordinatorMillis"":0,""shutDownReplicaSetMonitorMillis"":0,""shutDownTransportLayerMillis"":0,""shutDownHealthLogMillis"":0,""shutDownTTLMonitorMillis"":0,""shutDownExpiredDocumentRemoverMillis"":0,""shutDownStorageEngineMillis"":339,""shutDownOtelMetricsMillis"":0,""shutDownFTDCMillis"":1,""shutDownOCSPMillis"":0,""shutdownTaskTotalMillis"":351}}}}",mongodb/mongodb/785ac59456b94942afa59e520a94c070
1763486395187,"{""t"":{""$date"":""2025-11-18T17:19:55.187+00:00""},""s"":""I"",  ""c"":""CONTROL"",  ""id"":23138,   ""ctx"":""SignalHandler"",""msg"":""Shutting down"",""attr"":{""exitCode"":0}}",mongodb/mongodb/785ac59456b94942afa59e520a94c070
1763486395852,MongoDB init process complete; ready for start up.,mongodb/mongodb/785ac59456b94942afa59e520a94c070
1763486395957,"{""t"":{""$date"":""2025-11-18T17:19:55.956+00:00""},""s"":""I"",  ""c"":""-"",        ""id"":8991200, ""ctx"":""main"",""msg"":""Shuffling initializers"",""attr"":{""seed"":3111814113}}",mongodb/mongodb/785ac59456b94942afa59e520a94c070
1763486395976,"{""t"":{""$date"":""2025-11-18T17:19:55.976+00:00""},""s"":""I"",  ""c"":""CONTROL"",  ""id"":97374,   ""ctx"":""main"",""msg"":""Automatically disabling TLS 1.0 and TLS 1.1, to force-enable TLS 1.1 specify --sslDisabledProtocols 'TLS1_0'; to force-enable TLS 1.0 specify --sslDisabledProtocols 'none'""}",mongodb/mongodb/785ac59456b94942afa59e520a94c070
1763486395978,"{""t"":{""$date"":""2025-11-18T17:19:55.977+00:00""},""s"":""I"",  ""c"":""NETWORK"",  ""id"":4915701, ""ctx"":""main"",""msg"":""Initialized wire specification"",""attr"":{""spec"":{""incomingExternalClient"":{""minWireVersion"":0,""maxWireVersion"":27},""incomingInternalClient"":{""minWireVersion"":0,""maxWireVersion"":27},""outgoing"":{""minWireVersion"":6,""maxWireVersion"":27},""isInternalClient"":true}}}",mongodb/mongodb/785ac59456b94942afa59e520a94c070
1763486395982,"{""t"":{""$date"":""2025-11-18T17:19:55.982+00:00""},""s"":""I"",  ""c"":""CONTROL"",  ""id"":5945603, ""ctx"":""main"",""msg"":""Multi threading initialized""}",mongodb/mongodb/785ac59456b94942afa59e520a94c070
1763486395984,"{""t"":{""$date"":""2025-11-18T17:19:55.983+00:00""},""s"":""I"",  ""c"":""CONTROL"",  ""id"":4615611, ""ctx"":""initandlisten"",""msg"":""MongoDB starting"",""attr"":{""pid"":1,""port"":27017,""dbPath"":""/data/db"",""architecture"":""64-bit"",""host"":""ip-172-31-31-157.eu-central-1.compute.internal""}}",mongodb/mongodb/785ac59456b94942afa59e520a94c070
1763486395984,"{""t"":{""$date"":""2025-11-18T17:19:55.984+00:00""},""s"":""I"",  ""c"":""CONTROL"",  ""id"":23403,   ""ctx"":""initandlisten"",""msg"":""Build Info"",""attr"":{""buildInfo"":{""version"":""8.2.1"",""gitVersion"":""3312bdcf28aa65f5930005e21c2cb130f648b8c3"",""openSSLVersion"":""OpenSSL 3.0.13 30 Jan 2024"",""modules"":[],""allocator"":""tcmalloc-google"",""environment"":{""distmod"":""ubuntu2404"",""distarch"":""x86_64"",""target_arch"":""x86_64""}}}}",mongodb/mongodb/785ac59456b94942afa59e520a94c070
1763486395984,"{""t"":{""$date"":""2025-11-18T17:19:55.984+00:00""},""s"":""I"",  ""c"":""CONTROL"",  ""id"":51765,   ""ctx"":""initandlisten"",""msg"":""Operating System"",""attr"":{""os"":{""name"":""Ubuntu"",""version"":""24.04""}}}",mongodb/mongodb/785ac59456b94942afa59e520a94c070
1763486395984,"{""t"":{""$date"":""2025-11-18T17:19:55.984+00:00""},""s"":""I"",  ""c"":""CONTROL"",  ""id"":21951,   ""ctx"":""initandlisten"",""msg"":""Options set by command line"",""attr"":{""options"":{""net"":{""bindIp"":""*""},""security"":{""authorization"":""enabled""}}}}",mongodb/mongodb/785ac59456b94942afa59e520a94c070
1763486395987,"{""t"":{""$date"":""2025-11-18T17:19:55.985+00:00""},""s"":""I"",  ""c"":""NETWORK"",  ""id"":4648601, ""ctx"":""initandlisten"",""msg"":""Implicit TCP FastOpen unavailable. If TCP FastOpen is required, set at least one of the related parameters"",""attr"":{""relatedParameters"":[""tcpFastOpenServer"",""tcpFastOpenClient"",""tcpFastOpenQueueSize""]}}",mongodb/mongodb/785ac59456b94942afa59e520a94c070
1763486395990,"{""t"":{""$date"":""2025-11-18T17:19:55.990+00:00""},""s"":""I"",  ""c"":""STORAGE"",  ""id"":22270,   ""ctx"":""initandlisten"",""msg"":""Storage engine to use detected by data files"",""attr"":{""dbpath"":""/data/db"",""storageEngine"":""wiredTiger""}}",mongodb/mongodb/785ac59456b94942afa59e520a94c070
1763486395990,"{""t"":{""$date"":""2025-11-18T17:19:55.990+00:00""},""s"":""I"",  ""c"":""STORAGE"",  ""id"":22297,   ""ctx"":""initandlisten"",""msg"":""Using the XFS filesystem is strongly recommended with the WiredTiger storage engine. See http://dochub.mongodb.org/core/prodnotes-filesystem"",""tags"":[""startupWarnings""]}",mongodb/mongodb/785ac59456b94942afa59e520a94c070
1763486395991,"{""t"":{""$date"":""2025-11-18T17:19:55.990+00:00""},""s"":""I"",  ""c"":""STORAGE"",  ""id"":22315,   ""ctx"":""initandlisten"",""msg"":""Opening WiredTiger"",""attr"":{""config"":""create,cache_size=450M,session_max=33000,eviction=(threads_min=4,threads_max=4),config_base=false,statistics=(fast),log=(enabled=true,remove=true,path=journal,compressor=snappy),builtin_extension_config=(zstd=(compression_level=6)),file_manager=(close_idle_time=600,close_scan_interval=10,close_handle_minimum=2000),statistics_log=(wait=0),json_output=(error,message),verbose=[recovery_progress:1,checkpoint_progress:1,compact_progress:1,live_restore_progress:1,backup:0,checkpoint:0,compact:0,eviction:0,fileops:0,history_store:0,live_restore:0,recovery:0,rts:0,salvage:0,tiered:0,timestamp:0,transaction:0,verify:0,log:0],prefetch=(available=true,default=false),""}}",mongodb/mongodb/785ac59456b94942afa59e520a94c070
1763486396004,"{""t"":{""$date"":""2025-11-18T17:19:56.004+00:00""},""s"":""I"",  ""c"":""WTRECOV"",  ""id"":22430,   ""ctx"":""initandlisten"",""msg"":""WiredTiger message"",""attr"":{""message"":{""ts_sec"":1763486396,""ts_usec"":4505,""thread"":""1:0x7f3e71ce2400"",""session_name"":""wiredtiger_open"",""category"":""WT_VERB_RECOVERY"",""log_id"":1000000,""category_id"":32,""verbose_level"":""INFO"",""verbose_level_id"":0,""msg"":""opening the WiredTiger library""}}}",mongodb/mongodb/785ac59456b94942afa59e520a94c070
1763486396072,"{""t"":{""$date"":""2025-11-18T17:19:56.072+00:00""},""s"":""I"",  ""c"":""WTRECOV"",  ""id"":22430,   ""ctx"":""initandlisten"",""msg"":""WiredTiger message"",""attr"":{""message"":{""ts_sec"":1763486396,""ts_usec"":72269,""thread"":""1:0x7f3e71ce2400"",""session_name"":""connection"",""category"":""WT_VERB_RECOVERY"",""log_id"":1000000,""category_id"":32,""verbose_level"":""INFO"",""verbose_level_id"":0,""msg"":""connection configuration string parsing completed""}}}",mongodb/mongodb/785ac59456b94942afa59e520a94c070
1763486396078,"{""t"":{""$date"":""2025-11-18T17:19:56.076+00:00""},""s"":""I"",  ""c"":""WTRECOV"",  ""id"":22430,   ""ctx"":""initandlisten"",""msg"":""WiredTiger message"",""attr"":{""message"":{""ts_sec"":1763486396,""ts_usec"":74247,""thread"":""1:0x7f3e71ce2400"",""session_name"":""connection"",""category"":""WT_VERB_RECOVERY"",""log_id"":1000000,""category_id"":32,""verbose_level"":""INFO"",""verbose_level_id"":0,""msg"":""starting WiredTiger utility threads""}}}",mongodb/mongodb/785ac59456b94942afa59e520a94c070
1763486396090,"{""t"":{""$date"":""2025-11-18T17:19:56.090+00:00""},""s"":""I"",  ""c"":""WTRECOV"",  ""id"":22430,   ""ctx"":""initandlisten"",""msg"":""WiredTiger message"",""attr"":{""message"":{""ts_sec"":1763486396,""ts_usec"":90258,""thread"":""1:0x7f3e71ce2400"",""session_name"":""connection"",""category"":""WT_VERB_RECOVERY"",""log_id"":1000000,""category_id"":32,""verbose_level"":""INFO"",""verbose_level_id"":0,""msg"":""starting WiredTiger recovery""}}}",mongodb/mongodb/785ac59456b94942afa59e520a94c070
1763486396090,"{""t"":{""$date"":""2025-11-18T17:19:56.090+00:00""},""s"":""I"",  ""c"":""WTRECOV"",  ""id"":22430,   ""ctx"":""initandlisten"",""msg"":""WiredTiger message"",""attr"":{""message"":{""ts_sec"":1763486396,""ts_usec"":90858,""thread"":""1:0x7f3e71ce2400"",""session_name"":""txn-recover"",""category"":""WT_VERB_RECOVERY_PROGRESS"",""log_id"":1000000,""category_id"":33,""verbose_level"":""DEBUG_1"",""verbose_level_id"":1,""msg"":""Recovering log 1 through 2""}}}",mongodb/mongodb/785ac59456b94942afa59e520a94c070
1763486396273,"{""t"":{""$date"":""2025-11-18T17:19:56.272+00:00""},""s"":""I"",  ""c"":""WTRECOV"",  ""id"":22430,   ""ctx"":""initandlisten"",""msg"":""WiredTiger message"",""attr"":{""message"":{""ts_sec"":1763486396,""ts_usec"":272688,""thread"":""1:0x7f3e71ce2400"",""session_name"":""txn-recover"",""category"":""WT_VERB_RECOVERY_PROGRESS"",""log_id"":1000000,""category_id"":33,""verbose_level"":""DEBUG_1"",""verbose_level_id"":1,""msg"":""Recovering log 2 through 2""}}}",mongodb/mongodb/785ac59456b94942afa59e520a94c070
1763486396472,"{""t"":{""$date"":""2025-11-18T17:19:56.472+00:00""},""s"":""I"",  ""c"":""WTRECOV"",  ""id"":22430,   ""ctx"":""initandlisten"",""msg"":""WiredTiger message"",""attr"":{""message"":{""ts_sec"":1763486396,""ts_usec"":472611,""thread"":""1:0x7f3e71ce2400"",""session_name"":""txn-recover"",""category"":""WT_VERB_RECOVERY"",""log_id"":1000000,""category_id"":32,""verbose_level"":""INFO"",""verbose_level_id"":0,""msg"":""scanning metadata to find the largest file ID""}}}",mongodb/mongodb/785ac59456b94942afa59e520a94c070
1763486396475,"{""t"":{""$date"":""2025-11-18T17:19:56.474+00:00""},""s"":""I"",  ""c"":""WTRECOV"",  ""id"":22430,   ""ctx"":""initandlisten"",""msg"":""WiredTiger message"",""attr"":{""message"":{""ts_sec"":1763486396,""ts_usec"":474912,""thread"":""1:0x7f3e71ce2400"",""session_name"":""txn-recover"",""category"":""WT_VERB_RECOVERY"",""log_id"":1000000,""category_id"":32,""verbose_level"":""INFO"",""verbose_level_id"":0,""msg"":""largest file ID found in the metadata 13""}}}",mongodb/mongodb/785ac59456b94942afa59e520a94c070
1763486396478,"{""t"":{""$date"":""2025-11-18T17:19:56.478+00:00""},""s"":""I"",  ""c"":""WTRECOV"",  ""id"":22430,   ""ctx"":""initandlisten"",""msg"":""WiredTiger message"",""attr"":{""message"":{""ts_sec"":1763486396,""ts_usec"":477050,""thread"":""1:0x7f3e71ce2400"",""session_name"":""txn-recover"",""category"":""WT_VERB_RECOVERY"",""log_id"":1000000,""category_id"":32,""verbose_level"":""INFO"",""verbose_level_id"":0,""msg"":""Main recovery loop: starting at 1,32256 to 2,256""}}}",mongodb/mongodb/785ac59456b94942afa59e520a94c070
1763486396699,"{""t"":{""$date"":""2025-11-18T17:19:56.699+00:00""},""s"":""I"",  ""c"":""WTEVICT"",  ""id"":22430,   ""ctx"":""initandlisten"",""msg"":""WiredTiger message"",""attr"":{""message"":{""ts_sec"":1763486396,""ts_usec"":699458,""thread"":""1:0x7f3e71ce2400"",""session_name"":""txn-recover"",""category"":""WT_VERB_EVICTION"",""log_id"":1000000,""category_id"":15,""verbose_level"":""INFO"",""verbose_level_id"":0,""msg"":""starting eviction threads""}}}",mongodb/mongodb/785ac59456b94942afa59e520a94c070
1763486396700,"{""t"":{""$date"":""2025-11-18T17:19:56.700+00:00""},""s"":""I"",  ""c"":""WTRECOV"",  ""id"":22430,   ""ctx"":""initandlisten"",""msg"":""WiredTiger message"",""attr"":{""message"":{""ts_sec"":1763486396,""ts_usec"":700590,""thread"":""1:0x7f3e71ce2400"",""session_name"":""txn-recover"",""category"":""WT_VERB_RECOVERY_PROGRESS"",""log_id"":1000000,""category_id"":33,""verbose_level"":""DEBUG_1"",""verbose_level_id"":1,""msg"":""Recovering log 1 through 2""}}}",mongodb/mongodb/785ac59456b94942afa59e520a94c070
1763486396837,"{""t"":{""$date"":""2025-11-18T17:19:56.837+00:00""},""s"":""I"",  ""c"":""WTRECOV"",  ""id"":22430,   ""ctx"":""initandlisten"",""msg"":""WiredTiger message"",""attr"":{""message"":{""ts_sec"":1763486396,""ts_usec"":837416,""thread"":""1:0x7f3e71ce2400"",""session_name"":""txn-recover"",""category"":""WT_VERB_RECOVERY_PROGRESS"",""log_id"":1000000,""category_id"":33,""verbose_level"":""DEBUG_1"",""verbose_level_id"":1,""msg"":""Recovering log 2 through 2""}}}",mongodb/mongodb/785ac59456b94942afa59e520a94c070
1763486396966,"{""t"":{""$date"":""2025-11-18T17:19:56.966+00:00""},""s"":""I"",  ""c"":""WTRECOV"",  ""id"":22430,   ""ctx"":""initandlisten"",""msg"":""WiredTiger message"",""attr"":{""message"":{""ts_sec"":1763486396,""ts_usec"":966625,""thread"":""1:0x7f3e71ce2400"",""session_name"":""txn-recover"",""category"":""WT_VERB_RECOVERY"",""log_id"":1000000,""category_id"":32,""verbose_level"":""INFO"",""verbose_level_id"":0,""msg"":""recovery log replay has successfully finished and ran for 876 milliseconds""}}}",mongodb/mongodb/785ac59456b94942afa59e520a94c070
1763486396966,"{""t"":{""$date"":""2025-11-18T17:19:56.966+00:00""},""s"":""I"",  ""c"":""WTRECOV"",  ""id"":22430,   ""ctx"":""initandlisten"",""msg"":""WiredTiger message"",""attr"":{""message"":{""ts_sec"":1763486396,""ts_usec"":966924,""thread"":""1:0x7f3e71ce2400"",""session_name"":""txn-recover"",""category"":""WT_VERB_RECOVERY_PROGRESS"",""log_id"":1000000,""category_id"":33,""verbose_level"":""DEBUG_1"",""verbose_level_id"":1,""msg"":""Set global recovery timestamp: (0, 0)""}}}",mongodb/mongodb/785ac59456b94942afa59e520a94c070
1763486396967,"{""t"":{""$date"":""2025-11-18T17:19:56.967+00:00""},""s"":""I"",  ""c"":""WTRECOV"",  ""id"":22430,   ""ctx"":""initandlisten"",""msg"":""WiredTiger message"",""attr"":{""message"":{""ts_sec"":1763486396,""ts_usec"":966992,""thread"":""1:0x7f3e71ce2400"",""session_name"":""txn-recover"",""category"":""WT_VERB_RECOVERY_PROGRESS"",""log_id"":1000000,""category_id"":33,""verbose_level"":""DEBUG_1"",""verbose_level_id"":1,""msg"":""Set global oldest timestamp: (0, 0)""}}}",mongodb/mongodb/785ac59456b94942afa59e520a94c070
1763486396967,"{""t"":{""$date"":""2025-11-18T17:19:56.967+00:00""},""s"":""I"",  ""c"":""WTRECOV"",  ""id"":22430,   ""ctx"":""initandlisten"",""msg"":""WiredTiger message"",""attr"":{""message"":{""ts_sec"":1763486396,""ts_usec"":967059,""thread"":""1:0x7f3e71ce2400"",""session_name"":""txn-recover"",""category"":""WT_VERB_RECOVERY"",""log_id"":1000000,""category_id"":32,""verbose_level"":""INFO"",""verbose_level_id"":0,""msg"":""[RECOVERY_RTS] performing recovery rollback_to_stable with stable_timestamp=(0, 0) and oldest_timestamp=(0, 0)""}}}",mongodb/mongodb/785ac59456b94942afa59e520a94c070
1763486396969,"{""t"":{""$date"":""2025-11-18T17:19:56.968+00:00""},""s"":""I"",  ""c"":""WTRECOV"",  ""id"":22430,   ""ctx"":""initandlisten"",""msg"":""WiredTiger message"",""attr"":{""message"":{""ts_sec"":1763486396,""ts_usec"":968891,""thread"":""1:0x7f3e71ce2400"",""session_name"":""txn-recover"",""category"":""WT_VERB_RECOVERY"",""log_id"":1000000,""category_id"":32,""verbose_level"":""INFO"",""verbose_level_id"":0,""msg"":""recovery rollback to stable has successfully finished and ran for 1 milliseconds""}}}",mongodb/mongodb/785ac59456b94942afa59e520a94c070
1763486396969,"{""t"":{""$date"":""2025-11-18T17:19:56.968+00:00""},""s"":""I"",  ""c"":""WTEVICT"",  ""id"":22430,   ""ctx"":""initandlisten"",""msg"":""WiredTiger message"",""attr"":{""message"":{""ts_sec"":1763486396,""ts_usec"":968963,""thread"":""1:0x7f3e71ce2400"",""session_name"":""txn-recover"",""category"":""WT_VERB_EVICTION"",""log_id"":1000000,""category_id"":15,""verbose_level"":""INFO"",""verbose_level_id"":0,""msg"":""stopping eviction threads""}}}",mongodb/mongodb/785ac59456b94942afa59e520a94c070
1763486396969,"{""t"":{""$date"":""2025-11-18T17:19:56.969+00:00""},""s"":""I"",  ""c"":""WTEVICT"",  ""id"":22430,   ""ctx"":""initandlisten"",""msg"":""WiredTiger message"",""attr"":{""message"":{""ts_sec"":1763486396,""ts_usec"":969023,""thread"":""1:0x7f3e71ce2400"",""session_name"":""txn-recover"",""category"":""WT_VERB_EVICTION"",""log_id"":1000000,""category_id"":15,""verbose_level"":""INFO"",""verbose_level_id"":0,""msg"":""waiting for eviction threads to stop""}}}",mongodb/mongodb/785ac59456b94942afa59e520a94c070
1763486396969,"{""t"":{""$date"":""2025-11-18T17:19:56.969+00:00""},""s"":""I"",  ""c"":""WTEVICT"",  ""id"":22430,   ""ctx"":""thread8"",""msg"":""WiredTiger message"",""attr"":{""message"":{""ts_sec"":1763486396,""ts_usec"":969113,""thread"":""1:0x7f3e6ccb86c0"",""session_name"":""eviction-server"",""category"":""WT_VERB_EVICTION"",""log_id"":1000000,""category_id"":15,""verbose_level"":""INFO"",""verbose_level_id"":0,""msg"":""eviction thread exiting""}}}",mongodb/mongodb/785ac59456b94942afa59e520a94c070
1763486396971,"{""t"":{""$date"":""2025-11-18T17:19:56.970+00:00""},""s"":""I"",  ""c"":""WTCHKPT"",  ""id"":22430,   ""ctx"":""initandlisten"",""msg"":""WiredTiger message"",""attr"":{""message"":{""ts_sec"":1763486396,""ts_usec"":970537,""thread"":""1:0x7f3e71ce2400"",""session_name"":""WT_SESSION.checkpoint"",""category"":""WT_VERB_CHECKPOINT"",""log_id"":1000000,""category_id"":5,""verbose_level"":""INFO"",""verbose_level_id"":0,""msg"":""Checkpoint requested at stable timestamp (0, 0)""}}}",mongodb/mongodb/785ac59456b94942afa59e520a94c070
1763486396971,"{""t"":{""$date"":""2025-11-18T17:19:56.971+00:00""},""s"":""I"",  ""c"":""WTCHKPT"",  ""id"":22430,   ""ctx"":""initandlisten"",""msg"":""WiredTiger message"",""attr"":{""message"":{""ts_sec"":1763486396,""ts_usec"":971784,""thread"":""1:0x7f3e71ce2400"",""session_name"":""WT_SESSION.checkpoint"",""category"":""WT_VERB_CHECKPOINT_PROGRESS"",""log_id"":1000000,""category_id"":7,""verbose_level"":""INFO"",""verbose_level_id"":0,""msg"":""saving checkpoint snapshot min: 1, snapshot max: 1 snapshot count: 0, oldest timestamp: (0, 0) , meta checkpoint timestamp: (0, 0) base write gen: 7""}}}",mongodb/mongodb/785ac59456b94942afa59e520a94c070
1763486396991,"{""t"":{""$date"":""2025-11-18T17:19:56.991+00:00""},""s"":""I"",  ""c"":""WTRECOV"",  ""id"":22430,   ""ctx"":""initandlisten"",""msg"":""WiredTiger message"",""attr"":{""message"":{""ts_sec"":1763486396,""ts_usec"":991431,""thread"":""1:0x7f3e71ce2400"",""session_name"":""txn-recover"",""category"":""WT_VERB_RECOVERY"",""log_id"":1000000,""category_id"":32,""verbose_level"":""INFO"",""verbose_level_id"":0,""msg"":""recovery checkpoint has successfully finished and ran for 22 milliseconds""}}}",mongodb/mongodb/785ac59456b94942afa59e520a94c070
1763486396991,"{""t"":{""$date"":""2025-11-18T17:19:56.991+00:00""},""s"":""I"",  ""c"":""WTRECOV"",  ""id"":22430,   ""ctx"":""initandlisten"",""msg"":""WiredTiger message"",""attr"":{""message"":{""ts_sec"":1763486396,""ts_usec"":991557,""thread"":""1:0x7f3e71ce2400"",""session_name"":""txn-recover"",""category"":""WT_VERB_RECOVERY"",""log_id"":1493201,""category_id"":32,""verbose_level"":""INFO"",""verbose_level_id"":0,""msg"":""recovery was completed successfully and took 901ms, including 876ms for the log replay, 1ms for the rollback to stable, and 22ms for the checkpoint.""}}}",mongodb/mongodb/785ac59456b94942afa59e520a94c070
1763486396991,"{""t"":{""$date"":""2025-11-18T17:19:56.991+00:00""},""s"":""I"",  ""c"":""WTRECOV"",  ""id"":22430,   ""ctx"":""initandlisten"",""msg"":""WiredTiger message"",""attr"":{""message"":{""ts_sec"":1763486396,""ts_usec"":991651,""thread"":""1:0x7f3e71ce2400"",""session_name"":""txn-recover"",""category"":""WT_VERB_RECOVERY_PROGRESS"",""log_id"":1493201,""category_id"":33,""verbose_level"":""INFO"",""verbose_level_id"":0,""msg"":""recovery was completed successfully and took 901ms, including 876ms for the log replay, 1ms for the rollback to stable, and 22ms for the checkpoint.""}}}",mongodb/mongodb/785ac59456b94942afa59e520a94c070
1763486396997,"{""t"":{""$date"":""2025-11-18T17:19:56.997+00:00""},""s"":""I"",  ""c"":""WTEVICT"",  ""id"":22430,   ""ctx"":""initandlisten"",""msg"":""WiredTiger message"",""attr"":{""message"":{""ts_sec"":1763486396,""ts_usec"":997010,""thread"":""1:0x7f3e71ce2400"",""session_name"":""connection"",""category"":""WT_VERB_EVICTION"",""log_id"":1000000,""category_id"":15,""verbose_level"":""INFO"",""verbose_level_id"":0,""msg"":""starting eviction threads""}}}",mongodb/mongodb/785ac59456b94942afa59e520a94c070
1763486397005,"{""t"":{""$date"":""2025-11-18T17:19:57.005+00:00""},""s"":""I"",  ""c"":""WTRECOV"",  ""id"":22430,   ""ctx"":""initandlisten"",""msg"":""WiredTiger message"",""attr"":{""message"":{""ts_sec"":1763486397,""ts_usec"":5485,""thread"":""1:0x7f3e71ce2400"",""session_name"":""connection"",""category"":""WT_VERB_RECOVERY"",""log_id"":1000000,""category_id"":32,""verbose_level"":""INFO"",""verbose_level_id"":0,""msg"":""WiredTiger utility threads started successfully""}}}",mongodb/mongodb/785ac59456b94942afa59e520a94c070
1763486397005,"{""t"":{""$date"":""2025-11-18T17:19:57.005+00:00""},""s"":""I"",  ""c"":""WTRECOV"",  ""id"":22430,   ""ctx"":""initandlisten"",""msg"":""WiredTiger message"",""attr"":{""message"":{""ts_sec"":1763486397,""ts_usec"":5589,""thread"":""1:0x7f3e71ce2400"",""session_name"":""connection"",""category"":""WT_VERB_RECOVERY"",""log_id"":1000000,""category_id"":32,""verbose_level"":""INFO"",""verbose_level_id"":0,""msg"":""the WiredTiger library has successfully opened""}}}",mongodb/mongodb/785ac59456b94942afa59e520a94c070
1763486397005,"{""t"":{""$date"":""2025-11-18T17:19:57.005+00:00""},""s"":""I"",  ""c"":""STORAGE"",  ""id"":4795906, ""ctx"":""initandlisten"",""msg"":""WiredTiger opened"",""attr"":{""durationMillis"":1015}}",mongodb/mongodb/785ac59456b94942afa59e520a94c070
1763486397005,"{""t"":{""$date"":""2025-11-18T17:19:57.005+00:00""},""s"":""I"",  ""c"":""RECOVERY"", ""id"":23987,   ""ctx"":""initandlisten"",""msg"":""WiredTiger recoveryTimestamp"",""attr"":{""recoveryTimestamp"":{""$timestamp"":{""t"":0,""i"":0}}}}",mongodb/mongodb/785ac59456b94942afa59e520a94c070
1763486397005,"{""t"":{""$date"":""2025-11-18T17:19:57.005+00:00""},""s"":""I"",  ""c"":""STORAGE"",  ""id"":9086700, ""ctx"":""initandlisten"",""msg"":""WiredTiger session cache max value has been set"",""attr"":{""sessionCacheMax"":16500}}",mongodb/mongodb/785ac59456b94942afa59e520a94c070
1763486397007,"{""t"":{""$date"":""2025-11-18T17:19:57.006+00:00""},""s"":""I"",  ""c"":""STORAGE"",  ""id"":10158000,""ctx"":""initandlisten"",""msg"":""Opening spill WiredTiger"",""attr"":{""config"":""create,cache_size=100M,session_max=1024,eviction=(threads_min=1,threads_max=1),eviction_dirty_target=5MB,eviction_dirty_trigger=80MB,eviction_updates_trigger=80MB,config_base=false,statistics=(fast),log=(enabled=false),builtin_extension_config=(zstd=(compression_level=-7)),file_manager=(close_idle_time=600,close_scan_interval=10,close_handle_minimum=2000),statistics_log=(wait=0),json_output=(error,message),verbose=[recovery_progress:1,checkpoint_progress:1,compact_progress:1,live_restore_progress:1,backup:0,checkpoint:0,compact:0,eviction:0,fileops:0,history_store:0,live_restore:0,recovery:0,rts:0,salvage:0,tiered:0,timestamp:0,transaction:0,verify:0,log:0],""}}",mongodb/mongodb/785ac59456b94942afa59e520a94c070
1763486397019,"{""t"":{""$date"":""2025-11-18T17:19:57.019+00:00""},""s"":""I"",  ""c"":""WTRECOV"",  ""id"":22430,   ""ctx"":""initandlisten"",""msg"":""WiredTiger message"",""attr"":{""message"":{""ts_sec"":1763486397,""ts_usec"":19436,""thread"":""1:0x7f3e71ce2400"",""session_name"":""wiredtiger_open"",""category"":""WT_VERB_RECOVERY"",""log_id"":1000000,""category_id"":32,""verbose_level"":""INFO"",""verbose_level_id"":0,""msg"":""opening the WiredTiger library""}}}",mongodb/mongodb/785ac59456b94942afa59e520a94c070
1763486397026,"{""t"":{""$date"":""2025-11-18T17:19:57.026+00:00""},""s"":""I"",  ""c"":""WTRECOV"",  ""id"":22430,   ""ctx"":""initandlisten"",""msg"":""WiredTiger message"",""attr"":{""message"":{""ts_sec"":1763486397,""ts_usec"":26171,""thread"":""1:0x7f3e71ce2400"",""session_name"":""connection"",""category"":""WT_VERB_RECOVERY"",""log_id"":1000000,""category_id"":32,""verbose_level"":""INFO"",""verbose_level_id"":0,""msg"":""connection configuration string parsing completed""}}}",mongodb/mongodb/785ac59456b94942afa59e520a94c070
1763486397051,"{""t"":{""$date"":""2025-11-18T17:19:57.051+00:00""},""s"":""I"",  ""c"":""WTRECOV"",  ""id"":22430,   ""ctx"":""initandlisten"",""msg"":""WiredTiger message"",""attr"":{""message"":{""ts_sec"":1763486397,""ts_usec"":50977,""thread"":""1:0x7f3e71ce2400"",""session_name"":""connection"",""category"":""WT_VERB_RECOVERY"",""log_id"":1000000,""category_id"":32,""verbose_level"":""INFO"",""verbose_level_id"":0,""msg"":""starting WiredTiger utility threads""}}}",mongodb/mongodb/785ac59456b94942afa59e520a94c070
1763486397054,"{""t"":{""$date"":""2025-11-18T17:19:57.053+00:00""},""s"":""I"",  ""c"":""WTRECOV"",  ""id"":22430,   ""ctx"":""initandlisten"",""msg"":""WiredTiger message"",""attr"":{""message"":{""ts_sec"":1763486397,""ts_usec"":52980,""thread"":""1:0x7f3e71ce2400"",""session_name"":""connection"",""category"":""WT_VERB_RECOVERY"",""log_id"":1000000,""category_id"":32,""verbose_level"":""INFO"",""verbose_level_id"":0,""msg"":""starting WiredTiger recovery""}}}",mongodb/mongodb/785ac59456b94942afa59e520a94c070
1763486397056,"{""t"":{""$date"":""2025-11-18T17:19:57.055+00:00""},""s"":""I"",  ""c"":""WTRECOV"",  ""id"":22430,   ""ctx"":""initandlisten"",""msg"":""WiredTiger message"",""attr"":{""message"":{""ts_sec"":1763486397,""ts_usec"":55523,""thread"":""1:0x7f3e71ce2400"",""session_name"":""txn-recover"",""category"":""WT_VERB_RECOVERY"",""log_id"":1000000,""category_id"":32,""verbose_level"":""INFO"",""verbose_level_id"":0,""msg"":""scanning metadata to find the largest file ID""}}}",mongodb/mongodb/785ac59456b94942afa59e520a94c070
1763486397062,"{""t"":{""$date"":""2025-11-18T17:19:57.061+00:00""},""s"":""I"",  ""c"":""WTRECOV"",  ""id"":22430,   ""ctx"":""initandlisten"",""msg"":""WiredTiger message"",""attr"":{""message"":{""ts_sec"":1763486397,""ts_usec"":61903,""thread"":""1:0x7f3e71ce2400"",""session_name"":""txn-recover"",""category"":""WT_VERB_RECOVERY"",""log_id"":1000000,""category_id"":32,""verbose_level"":""INFO"",""verbose_level_id"":0,""msg"":""largest file ID found in the metadata 0""}}}",mongodb/mongodb/785ac59456b94942afa59e520a94c070
1763486397062,"{""t"":{""$date"":""2025-11-18T17:19:57.062+00:00""},""s"":""I"",  ""c"":""WTRECOV"",  ""id"":22430,   ""ctx"":""initandlisten"",""msg"":""WiredTiger message"",""attr"":{""message"":{""ts_sec"":1763486397,""ts_usec"":62005,""thread"":""1:0x7f3e71ce2400"",""session_name"":""txn-recover"",""category"":""WT_VERB_RECOVERY"",""log_id"":1000000,""category_id"":32,""verbose_level"":""INFO"",""verbose_level_id"":0,""msg"":""recovery log replay has successfully finished and ran for 7 milliseconds""}}}",mongodb/mongodb/785ac59456b94942afa59e520a94c070
1763486397062,"{""t"":{""$date"":""2025-11-18T17:19:57.062+00:00""},""s"":""I"",  ""c"":""WTRECOV"",  ""id"":22430,   ""ctx"":""initandlisten"",""msg"":""WiredTiger message"",""attr"":{""message"":{""ts_sec"":1763486397,""ts_usec"":62106,""thread"":""1:0x7f3e71ce2400"",""session_name"":""txn-recover"",""category"":""WT_VERB_RECOVERY_PROGRESS"",""log_id"":1000000,""category_id"":33,""verbose_level"":""DEBUG_1"",""verbose_level_id"":1,""msg"":""Set global recovery timestamp: (0, 0)""}}}",mongodb/mongodb/785ac59456b94942afa59e520a94c070
1763486397062,"{""t"":{""$date"":""2025-11-18T17:19:57.062+00:00""},""s"":""I"",  ""c"":""WTRECOV"",  ""id"":22430,   ""ctx"":""initandlisten"",""msg"":""WiredTiger message"",""attr"":{""message"":{""ts_sec"":1763486397,""ts_usec"":62174,""thread"":""1:0x7f3e71ce2400"",""session_name"":""txn-recover"",""category"":""WT_VERB_RECOVERY_PROGRESS"",""log_id"":1000000,""category_id"":33,""verbose_level"":""DEBUG_1"",""verbose_level_id"":1,""msg"":""Set global oldest timestamp: (0, 0)""}}}",mongodb/mongodb/785ac59456b94942afa59e520a94c070
1763486397062,"{""t"":{""$date"":""2025-11-18T17:19:57.062+00:00""},""s"":""I"",  ""c"":""WTRECOV"",  ""id"":22430,   ""ctx"":""initandlisten"",""msg"":""WiredTiger message"",""attr"":{""message"":{""ts_sec"":1763486397,""ts_usec"":62282,""thread"":""1:0x7f3e71ce2400"",""session_name"":""txn-recover"",""category"":""WT_VERB_RECOVERY"",""log_id"":1493201,""category_id"":32,""verbose_level"":""INFO"",""verbose_level_id"":0,""msg"":""recovery was completed successfully and took 7ms, including 7ms for the log replay, 0ms for the rollback to stable, and 0ms for the checkpoint.""}}}",mongodb/mongodb/785ac59456b94942afa59e520a94c070
1763486397062,"{""t"":{""$date"":""2025-11-18T17:19:57.062+00:00""},""s"":""I"",  ""c"":""WTRECOV"",  ""id"":22430,   ""ctx"":""initandlisten"",""msg"":""WiredTiger message"",""attr"":{""message"":{""ts_sec"":1763486397,""ts_usec"":62558,""thread"":""1:0x7f3e71ce2400"",""session_name"":""txn-recover"",""category"":""WT_VERB_RECOVERY_PROGRESS"",""log_id"":1493201,""category_id"":33,""verbose_level"":""INFO"",""verbose_level_id"":0,""msg"":""recovery was completed successfully and took 7ms, including 7ms for the log replay, 0ms for the rollback to stable, and 0ms for the checkpoint.""}}}",mongodb/mongodb/785ac59456b94942afa59e520a94c070
1763486397096,"{""t"":{""$date"":""2025-11-18T17:19:57.096+00:00""},""s"":""I"",  ""c"":""WTEVICT"",  ""id"":22430,   ""ctx"":""initandlisten"",""msg"":""WiredTiger message"",""attr"":{""message"":{""ts_sec"":1763486397,""ts_usec"":96494,""thread"":""1:0x7f3e71ce2400"",""session_name"":""connection"",""category"":""WT_VERB_EVICTION"",""log_id"":1000000,""category_id"":15,""verbose_level"":""INFO"",""verbose_level_id"":0,""msg"":""starting eviction threads""}}}",mongodb/mongodb/785ac59456b94942afa59e520a94c070
1763486397097,"{""t"":{""$date"":""2025-11-18T17:19:57.097+00:00""},""s"":""I"",  ""c"":""WTRECOV"",  ""id"":22430,   ""ctx"":""initandlisten"",""msg"":""WiredTiger message"",""attr"":{""message"":{""ts_sec"":1763486397,""ts_usec"":97429,""thread"":""1:0x7f3e71ce2400"",""session_name"":""connection"",""category"":""WT_VERB_RECOVERY"",""log_id"":1000000,""category_id"":32,""verbose_level"":""INFO"",""verbose_level_id"":0,""msg"":""WiredTiger utility threads started successfully""}}}",mongodb/mongodb/785ac59456b94942afa59e520a94c070
1763486397097,"{""t"":{""$date"":""2025-11-18T17:19:57.097+00:00""},""s"":""I"",  ""c"":""WTRECOV"",  ""id"":22430,   ""ctx"":""initandlisten"",""msg"":""WiredTiger message"",""attr"":{""message"":{""ts_sec"":1763486397,""ts_usec"":97793,""thread"":""1:0x7f3e71ce2400"",""session_name"":""connection"",""category"":""WT_VERB_RECOVERY"",""log_id"":1000000,""category_id"":32,""verbose_level"":""INFO"",""verbose_level_id"":0,""msg"":""the WiredTiger library has successfully opened""}}}",mongodb/mongodb/785ac59456b94942afa59e520a94c070
1763486397097,"{""t"":{""$date"":""2025-11-18T17:19:57.097+00:00""},""s"":""I"",  ""c"":""STORAGE"",  ""id"":10158001,""ctx"":""initandlisten"",""msg"":""Spill WiredTiger opened"",""attr"":{""durationMillis"":91}}",mongodb/mongodb/785ac59456b94942afa59e520a94c070
1763486397101,"{""t"":{""$date"":""2025-11-18T17:19:57.100+00:00""},""s"":""I"",  ""c"":""STORAGE"",  ""id"":9529901, ""ctx"":""initandlisten"",""msg"":""Initializing durable catalog"",""attr"":{""numRecords"":4}}",mongodb/mongodb/785ac59456b94942afa59e520a94c070
1763486397104,"{""t"":{""$date"":""2025-11-18T17:19:57.104+00:00""},""s"":""I"",  ""c"":""STORAGE"",  ""id"":9529902, ""ctx"":""initandlisten"",""msg"":""Retrieving all idents from storage engine""}",mongodb/mongodb/785ac59456b94942afa59e520a94c070
1763486397105,"{""t"":{""$date"":""2025-11-18T17:19:57.105+00:00""},""s"":""I"",  ""c"":""STORAGE"",  ""id"":9529903, ""ctx"":""initandlisten"",""msg"":""Initializing all collections in durable catalog"",""attr"":{""numEntries"":4}}",mongodb/mongodb/785ac59456b94942afa59e520a94c070
1763486397117,"{""t"":{""$date"":""2025-11-18T17:19:57.117+00:00""},""s"":""W"",  ""c"":""CONTROL"",  ""id"":9068900, ""ctx"":""initandlisten"",""msg"":""For customers running the current memory allocator, we suggest changing the contents of the following sysfsFile"",""attr"":{""allocator"":""tcmalloc-google"",""sysfsFile"":""/sys/kernel/mm/transparent_hugepage/enabled"",""currentValue"":""never"",""desiredValue"":""always""},""tags"":[""startupWarnings""]}",mongodb/mongodb/785ac59456b94942afa59e520a94c070
1763486397117,"{""t"":{""$date"":""2025-11-18T17:19:57.117+00:00""},""s"":""W"",  ""c"":""CONTROL"",  ""id"":9068900, ""ctx"":""initandlisten"",""msg"":""For customers running the current memory allocator, we suggest changing the contents of the following sysfsFile"",""attr"":{""allocator"":""tcmalloc-google"",""sysfsFile"":""/sys/kernel/mm/transparent_hugepage/defrag"",""currentValue"":""madvise"",""desiredValue"":""defer+madvise""},""tags"":[""startupWarnings""]}",mongodb/mongodb/785ac59456b94942afa59e520a94c070
1763486397117,"{""t"":{""$date"":""2025-11-18T17:19:57.117+00:00""},""s"":""W"",  ""c"":""CONTROL"",  ""id"":8640302, ""ctx"":""initandlisten"",""msg"":""We suggest setting the contents of sysfsFile to 0."",""attr"":{""sysfsFile"":""/sys/kernel/mm/transparent_hugepage/khugepaged/max_ptes_none"",""currentValue"":511},""tags"":[""startupWarnings""]}",mongodb/mongodb/785ac59456b94942afa59e520a94c070
1763486397121,"{""t"":{""$date"":""2025-11-18T17:19:57.121+00:00""},""s"":""I"",  ""c"":""NETWORK"",  ""id"":4915702, ""ctx"":""initandlisten"",""msg"":""Updated wire specification"",""attr"":{""oldSpec"":{""incomingExternalClient"":{""minWireVersion"":0,""maxWireVersion"":27},""incomingInternalClient"":{""minWireVersion"":0,""maxWireVersion"":27},""outgoing"":{""minWireVersion"":6,""maxWireVersion"":27},""isInternalClient"":true},""newSpec"":{""incomingExternalClient"":{""minWireVersion"":0,""maxWireVersion"":27},""incomingInternalClient"":{""minWireVersion"":27,""maxWireVersion"":27},""outgoing"":{""minWireVersion"":27,""maxWireVersion"":27},""isInternalClient"":true}}}",mongodb/mongodb/785ac59456b94942afa59e520a94c070
1763486397121,"{""t"":{""$date"":""2025-11-18T17:19:57.121+00:00""},""s"":""I"",  ""c"":""REPL"",     ""id"":5853300, ""ctx"":""initandlisten"",""msg"":""current featureCompatibilityVersion value"",""attr"":{""featureCompatibilityVersion"":""8.2"",""context"":""startup""}}",mongodb/mongodb/785ac59456b94942afa59e520a94c070
1763486397121,"{""t"":{""$date"":""2025-11-18T17:19:57.121+00:00""},""s"":""I"",  ""c"":""STORAGE"",  ""id"":5071100, ""ctx"":""initandlisten"",""msg"":""Clearing temp directory""}",mongodb/mongodb/785ac59456b94942afa59e520a94c070
1763486397122,"{""t"":{""$date"":""2025-11-18T17:19:57.121+00:00""},""s"":""I"",  ""c"":""STORAGE"",  ""id"":10682200,""ctx"":""initandlisten"",""msg"":""Dropping spill idents"",""attr"":{""numIdents"":0}}",mongodb/mongodb/785ac59456b94942afa59e520a94c070
1763486397122,"{""t"":{""$date"":""2025-11-18T17:19:57.122+00:00""},""s"":""I"",  ""c"":""CONTROL"",  ""id"":6608200, ""ctx"":""initandlisten"",""msg"":""Initializing cluster server parameters from disk""}",mongodb/mongodb/785ac59456b94942afa59e520a94c070
1763486397123,"{""t"":{""$date"":""2025-11-18T17:19:57.123+00:00""},""s"":""I"",  ""c"":""CONTROL"",  ""id"":20536,   ""ctx"":""initandlisten"",""msg"":""Flow Control is enabled on this deployment""}",mongodb/mongodb/785ac59456b94942afa59e520a94c070
1763486397126,"{""t"":{""$date"":""2025-11-18T17:19:57.125+00:00""},""s"":""I"",  ""c"":""FTDC"",     ""id"":20625,   ""ctx"":""initandlisten"",""msg"":""Initializing full-time diagnostic data capture"",""attr"":{""dataDirectory"":""/data/db/diagnostic.data""}}",mongodb/mongodb/785ac59456b94942afa59e520a94c070
1763486397133,"{""t"":{""$date"":""2025-11-18T17:19:57.133+00:00""},""s"":""I"",  ""c"":""REPL"",     ""id"":6015317, ""ctx"":""initandlisten"",""msg"":""Setting new configuration state"",""attr"":{""newState"":""ConfigReplicationDisabled"",""oldState"":""ConfigPreStart""}}",mongodb/mongodb/785ac59456b94942afa59e520a94c070
1763486397133,"{""t"":{""$date"":""2025-11-18T17:19:57.133+00:00""},""s"":""I"",  ""c"":""STORAGE"",  ""id"":22262,   ""ctx"":""initandlisten"",""msg"":""Timestamp monitor starting""}",mongodb/mongodb/785ac59456b94942afa59e520a94c070
1763486397134,"{""t"":{""$date"":""2025-11-18T17:19:57.134+00:00""},""s"":""I"",  ""c"":""STORAGE"",  ""id"":7333401, ""ctx"":""initandlisten"",""msg"":""Starting the DiskSpaceMonitor""}",mongodb/mongodb/785ac59456b94942afa59e520a94c070
1763486397137,"{""t"":{""$date"":""2025-11-18T17:19:57.136+00:00""},""s"":""I"",  ""c"":""NETWORK"",  ""id"":23015,   ""ctx"":""listener"",""msg"":""Listening on"",""attr"":{""address"":""/tmp/mongodb-27017.sock""}}",mongodb/mongodb/785ac59456b94942afa59e520a94c070
1763486397137,"{""t"":{""$date"":""2025-11-18T17:19:57.137+00:00""},""s"":""I"",  ""c"":""NETWORK"",  ""id"":23015,   ""ctx"":""listener"",""msg"":""Listening on"",""attr"":{""address"":""0.0.0.0:27017""}}",mongodb/mongodb/785ac59456b94942afa59e520a94c070
1763486397137,"{""t"":{""$date"":""2025-11-18T17:19:57.137+00:00""},""s"":""I"",  ""c"":""NETWORK"",  ""id"":23016,   ""ctx"":""listener"",""msg"":""Waiting for connections"",""attr"":{""port"":27017,""ssl"":""off""}}",mongodb/mongodb/785ac59456b94942afa59e520a94c070
1763486397137,"{""t"":{""$date"":""2025-11-18T17:19:57.137+00:00""},""s"":""I"",  ""c"":""CONTROL"",  ""id"":8423403, ""ctx"":""initandlisten"",""msg"":""mongod startup complete"",""attr"":{""Summary of time elapsed"":{""Startup from clean shutdown?"":true,""Statistics"":{""setUpPeriodicRunnerMillis"":0,""setUpOCSPMillis"":0,""setUpTransportLayerMillis"":0,""initSyncCrashRecoveryMillis"":0,""createLockFileMillis"":0,""getStorageEngineMetadataMillis"":0,""validateMetadataMillis"":0,""createStorageEngineMillis"":1115,""writePIDMillis"":10,""initializeFCVForIndexMillis"":4,""dropAbandonedIdentsMillis"":0,""standaloneClusterParamsMillis"":0,""userAndRolesGraphMillis"":0,""createSystemUsersIndexMillis"":0,""waitForMajorityServiceMillis"":0,""startUpReplCoordMillis"":5,""recoverChangeStreamMillis"":0,""logStartupOptionsMillis"":0,""startUpTransportLayerMillis"":2,""initAndListenTotalMillis"":1154}}}}",mongodb/mongodb/785ac59456b94942afa59e520a94c070
1763486457119,"{""t"":{""$date"":""2025-11-18T17:20:57.119+00:00""},""s"":""I"",  ""c"":""WTCHKPT"",  ""id"":22430,   ""ctx"":""Checkpointer"",""msg"":""WiredTiger message"",""attr"":{""message"":{""ts_sec"":1763486457,""ts_usec"":119040,""thread"":""1:0x7f3e5d29f6c0"",""session_name"":""WT_SESSION.checkpoint"",""category"":""WT_VERB_CHECKPOINT_PROGRESS"",""log_id"":1000000,""category_id"":7,""verbose_level"":""INFO"",""verbose_level_id"":0,""msg"":""saving checkpoint snapshot min: 3, snapshot max: 3 snapshot count: 0, oldest timestamp: (0, 0) , meta checkpoint timestamp: (0, 0) base write gen: 7""}}}",mongodb/mongodb/785ac59456b94942afa59e520a94c070
1763486517152,"{""t"":{""$date"":""2025-11-18T17:21:57.152+00:00""},""s"":""I"",  ""c"":""WTCHKPT"",  ""id"":22430,   ""ctx"":""Checkpointer"",""msg"":""WiredTiger message"",""attr"":{""message"":{""ts_sec"":1763486517,""ts_usec"":152652,""thread"":""1:0x7f3e5d29f6c0"",""session_name"":""WT_SESSION.checkpoint"",""category"":""WT_VERB_CHECKPOINT_PROGRESS"",""log_id"":1000000,""category_id"":7,""verbose_level"":""INFO"",""verbose_level_id"":0,""msg"":""saving checkpoint snapshot min: 5, snapshot max: 5 snapshot count: 0, oldest timestamp: (0, 0) , meta checkpoint timestamp: (0, 0) base write gen: 7""}}}",mongodb/mongodb/785ac59456b94942afa59e520a94c070
1763486577179,"{""t"":{""$date"":""2025-11-18T17:22:57.179+00:00""},""s"":""I"",  ""c"":""WTCHKPT"",  ""id"":22430,   ""ctx"":""Checkpointer"",""msg"":""WiredTiger message"",""attr"":{""message"":{""ts_sec"":1763486577,""ts_usec"":178974,""thread"":""1:0x7f3e5d29f6c0"",""session_name"":""WT_SESSION.checkpoint"",""category"":""WT_VERB_CHECKPOINT_PROGRESS"",""log_id"":1000000,""category_id"":7,""verbose_level"":""INFO"",""verbose_level_id"":0,""msg"":""saving checkpoint snapshot min: 6, snapshot max: 6 snapshot count: 0, oldest timestamp: (0, 0) , meta checkpoint timestamp: (0, 0) base write gen: 7""}}}",mongodb/mongodb/785ac59456b94942afa59e520a94c070
1763486637191,"{""t"":{""$date"":""2025-11-18T17:23:57.191+00:00""},""s"":""I"",  ""c"":""WTCHKPT"",  ""id"":22430,   ""ctx"":""Checkpointer"",""msg"":""WiredTiger message"",""attr"":{""message"":{""ts_sec"":1763486637,""ts_usec"":191689,""thread"":""1:0x7f3e5d29f6c0"",""session_name"":""WT_SESSION.checkpoint"",""category"":""WT_VERB_CHECKPOINT_PROGRESS"",""log_id"":1000000,""category_id"":7,""verbose_level"":""INFO"",""verbose_level_id"":0,""msg"":""saving checkpoint snapshot min: 7, snapshot max: 7 snapshot count: 0, oldest timestamp: (0, 0) , meta checkpoint timestamp: (0, 0) base write gen: 7""}}}",mongodb/mongodb/785ac59456b94942afa59e520a94c070
1763486697206,"{""t"":{""$date"":""2025-11-18T17:24:57.206+00:00""},""s"":""I"",  ""c"":""WTCHKPT"",  ""id"":22430,   ""ctx"":""Checkpointer"",""msg"":""WiredTiger message"",""attr"":{""message"":{""ts_sec"":1763486697,""ts_usec"":206015,""thread"":""1:0x7f3e5d29f6c0"",""session_name"":""WT_SESSION.checkpoint"",""category"":""WT_VERB_CHECKPOINT_PROGRESS"",""log_id"":1000000,""category_id"":7,""verbose_level"":""INFO"",""verbose_level_id"":0,""msg"":""saving checkpoint snapshot min: 8, snapshot max: 8 snapshot count: 0, oldest timestamp: (0, 0) , meta checkpoint timestamp: (0, 0) base write gen: 7""}}}",mongodb/mongodb/785ac59456b94942afa59e520a94c070
1763486757227,"{""t"":{""$date"":""2025-11-18T17:25:57.227+00:00""},""s"":""I"",  ""c"":""WTCHKPT"",  ""id"":22430,   ""ctx"":""Checkpointer"",""msg"":""WiredTiger message"",""attr"":{""message"":{""ts_sec"":1763486757,""ts_usec"":227486,""thread"":""1:0x7f3e5d29f6c0"",""session_name"":""WT_SESSION.checkpoint"",""category"":""WT_VERB_CHECKPOINT_PROGRESS"",""log_id"":1000000,""category_id"":7,""verbose_level"":""INFO"",""verbose_level_id"":0,""msg"":""saving checkpoint snapshot min: 9, snapshot max: 9 snapshot count: 0, oldest timestamp: (0, 0) , meta checkpoint timestamp: (0, 0) base write gen: 7""}}}",mongodb/mongodb/785ac59456b94942afa59e520a94c070